# [1]CHROM	[2]POS	[3]REF	[4]ALT	[5]AB		[6]ERR3316627:GT
NC_001806.2	9268	A	G	0		1/1
NC_001806.2	9303	A	C	0		1/1
NC_001806.2	9307	T	C	0		1/1
NC_001806.2	9598	T	C	0		1/1
NC_001806.2	9662	T	C	0		1/1
NC_001806.2	9840	C	T	0		1/1
NC_001806.2	9923	C	T	0		1/1
NC_001806.2	9971	A	G	0		1/1
NC_001806.2	10007	C	A	0		1/1
NC_001806.2	10013	C	T	0		1/1
NC_001806.2	10020	T	G	0		1/1
NC_001806.2	10186	C	T	0		1/1
NC_001806.2	10203	C	T	0		1/1
NC_001806.2	10260	A	T	0		1/1
NC_001806.2	10302	G	A	0		1/1
NC_001806.2	10433	C	T	0		1/1
NC_001806.2	10499	T	C	0		1/1
NC_001806.2	10584	C	T	0		1/1
NC_001806.2	10661	G	A	0		1/1
NC_001806.2	10679	G	A	0		1/1
NC_001806.2	10722	A	G	0		1/1
NC_001806.2	10817	C	A	0		1/1
NC_001806.2	10841	C	T	0		1/1
NC_001806.2	10850	C	G	0		1/1
NC_001806.2	10913	T	C	0		1/1
NC_001806.2	11065	G	A	0		1/1
NC_001806.2	11122	T	G	0		1/1
NC_001806.2	11194	C	T	0		1/1
NC_001806.2	11413	C	T	0		1/1
NC_001806.2	11677	CCAT	CCGCGC,CCCGCGC	0.409344,0.489433		1/2
NC_001806.2	11771	AAGGG	AG	0		1/1
NC_001806.2	11781	G	T	0		1/1
NC_001806.2	11955	G	A	0		1/1
NC_001806.2	11965	G	A	0		1/1
NC_001806.2	12025	G	A	0		1/1
NC_001806.2	12079	C	T	0		1/1
NC_001806.2	12115	G	A	0		1/1
NC_001806.2	12118	G	A	0		1/1
NC_001806.2	13064	A	C	0		1/1
NC_001806.2	13786	C	A	0		1/1
NC_001806.2	13873	G	A	0		1/1
NC_001806.2	13953	G	A	0		1/1
NC_001806.2	14047	C	T	0		1/1
NC_001806.2	14094	C	T	0		1/1
NC_001806.2	14149	G	C	0		1/1
NC_001806.2	14254	C	T	0		1/1
NC_001806.2	14422	C	T	0		1/1
NC_001806.2	14519	A	G	0		1/1
NC_001806.2	14547	C	T	0		1/1
NC_001806.2	14650	T	C	0		1/1
NC_001806.2	14933	T	C	0		1/1
NC_001806.2	15092	T	C	0		1/1
NC_001806.2	15175	G	T	0		1/1
NC_001806.2	15352	T	C	0		1/1
NC_001806.2	15404	G	T	0		1/1
NC_001806.2	15502	C	T	0		1/1
NC_001806.2	15591	C	T	0		1/1
NC_001806.2	15593	T	A	0		1/1
NC_001806.2	15595	A	C	0		1/1
NC_001806.2	15907	C	T	0		1/1
NC_001806.2	16081	T	C	0		1/1
NC_001806.2	16210	C	T	0		1/1
NC_001806.2	16279	T	G	0		1/1
NC_001806.2	16468	A	G	0		1/1
NC_001806.2	16564	T	G	0		1/1
NC_001806.2	16654	C	T	0		1/1
NC_001806.2	16666	C	T	0		1/1
NC_001806.2	16750	T	C	0		1/1
NC_001806.2	17088	G	C	0		1/1
NC_001806.2	17097	G	A	0		1/1
NC_001806.2	17424	T	G	0		1/1
NC_001806.2	18034	G	T	0		1/1
NC_001806.2	18057	G	A	0		1/1
NC_001806.2	18066	C	T	0		1/1
NC_001806.2	18093	C	T	0		1/1
NC_001806.2	18137	AGGGGGGC	AGGGGGC	0		1/1
NC_001806.2	18196	T	G	0		1/1
NC_001806.2	18241	G	A	0		1/1
NC_001806.2	18332	G	T	0		1/1
NC_001806.2	18470	G	A	0		1/1
NC_001806.2	18578	A	C	0		1/1
NC_001806.2	18624	T	C	0		1/1
NC_001806.2	18644	A	C	0		1/1
NC_001806.2	18693	T	G	0		1/1
NC_001806.2	19035	G	T	0		1/1
NC_001806.2	19079	T	C	0		1/1
NC_001806.2	19177	C	T	0		1/1
NC_001806.2	20012	C	A	0		1/1
NC_001806.2	20124	C	T	0		1/1
NC_001806.2	20572	G	C	0.518519		0/1
NC_001806.2	20592	T	G	0.363636		0/1
NC_001806.2	20598	T	G	0.285714		0/1
NC_001806.2	20626	C	G	0		1/1
NC_001806.2	21028	C	T	0		1/1
NC_001806.2	21092	G	A	0		1/1
NC_001806.2	21122	T	C	0		1/1
NC_001806.2	21164	A	G	0		1/1
NC_001806.2	21236	T	C	0		1/1
NC_001806.2	21255	G	T	0		1/1
NC_001806.2	21259	CG	TA	0		1/1
NC_001806.2	21392	G	A	0		1/1
NC_001806.2	21395	G	A	0		1/1
NC_001806.2	22010	A	G	0		1/1
NC_001806.2	22649	G	T	0		1/1
NC_001806.2	22700	C	T	0		1/1
NC_001806.2	22901	C	T	0		1/1
NC_001806.2	22904	T	C	0		1/1
NC_001806.2	23231	T	C	0		1/1
NC_001806.2	23414	G	T	0		1/1
NC_001806.2	23504	G	A	0		1/1
NC_001806.2	23518	T	C	0		1/1
NC_001806.2	23670	T	C	0		1/1
NC_001806.2	24548	T	G	0		1/1
NC_001806.2	24895	T	C	0		1/1
NC_001806.2	26834	G	A	0		1/1
NC_001806.2	26859	C	A	0		1/1
NC_001806.2	26875	A	T	0		1/1
NC_001806.2	30484	G	A	0		1/1
NC_001806.2	32445	C	T	0		1/1
NC_001806.2	32542	C	T	0		1/1
NC_001806.2	32623	T	G	0		1/1
NC_001806.2	32662	C	A	0		1/1
NC_001806.2	32665	T	G	0		1/1
NC_001806.2	32923	A	G	0		1/1
NC_001806.2	33097	A	G	0		1/1
NC_001806.2	34460	C	G	0		1/1
NC_001806.2	34649	A	G	0		1/1
NC_001806.2	34760	C	T	0		1/1
NC_001806.2	34796	T	C	0		1/1
NC_001806.2	34808	C	T	0		1/1
NC_001806.2	34862	T	C	0		1/1
NC_001806.2	34964	ACC	AC	0		1/1
NC_001806.2	35019	A	G	0		1/1
NC_001806.2	35065	A	C	0.307692		0/1
NC_001806.2	35071	A	C	0		1/1
NC_001806.2	35269	T	C	0		1/1
NC_001806.2	35333	T	G	0		1/1
NC_001806.2	36333	AGG	AGGG	0		1/1
NC_001806.2	36495	A	G	0		1/1
NC_001806.2	36816	G	A	0		1/1
NC_001806.2	39687	G	T	0		1/1
NC_001806.2	39696	G	T	0		1/1
NC_001806.2	40070	C	T	0		1/1
NC_001806.2	40422	A	G	0		1/1
NC_001806.2	40651	G	A	0		1/1
NC_001806.2	40664	A	G	0		1/1
NC_001806.2	40696	C	T	0		1/1
NC_001806.2	40786	A	C	0		1/1
NC_001806.2	40935	G	A	0		1/1
NC_001806.2	41890	A	G	0		1/1
NC_001806.2	43118	A	G	0		1/1
NC_001806.2	43266	T	G	0		1/1
NC_001806.2	43433	C	A	0		1/1
NC_001806.2	43702	A	G	0		1/1
NC_001806.2	43740	CGGGGGGGGGGGA	CGGGGGGGGGAA	0		1/1
NC_001806.2	45095	G	A	0		1/1
NC_001806.2	46430	T	C	0		1/1
NC_001806.2	46482	T	G	0		1/1
NC_001806.2	46519	T	C	0		1/1
NC_001806.2	46678	T	G	0		1/1
NC_001806.2	46751	G	A	0		1/1
NC_001806.2	46871	A	G	0		1/1
NC_001806.2	46889	A	G	0		1/1
NC_001806.2	46946	G	T	0		1/1
NC_001806.2	47001	GG	AT	0		1/1
NC_001806.2	47005	C	A	0		1/1
NC_001806.2	47011	C	T	0		1/1
NC_001806.2	47053	C	A	0		1/1
NC_001806.2	47081	C	T	0		1/1
NC_001806.2	47087	A	G	0		1/1
NC_001806.2	47132	G	A	0		1/1
NC_001806.2	47229	G	A	0		1/1
NC_001806.2	47276	T	C	0		1/1
NC_001806.2	47533	A	G	0		1/1
NC_001806.2	47633	G	A	0		1/1
NC_001806.2	47682	C	T	0		1/1
NC_001806.2	47698	T	C	0		1/1
NC_001806.2	47736	T	C	0		1/1
NC_001806.2	47788	A	C	0		1/1
NC_001806.2	47911	A	G	0		1/1
NC_001806.2	48310	T	G	0		1/1
NC_001806.2	48413	T	C	0		1/1
NC_001806.2	48800	T	G	0		1/1
NC_001806.2	49422	T	G	0		1/1
NC_001806.2	49452	A	C	0		1/1
NC_001806.2	49465	G	T	0		1/1
NC_001806.2	50361	T	C	0		1/1
NC_001806.2	50769	CTTTTTTTTTTTC	CTTTTTTTTTGC	0		1/1
NC_001806.2	50851	G	A	0		1/1
NC_001806.2	50854	C	A	0		1/1
NC_001806.2	51061	G	A	0		1/1
NC_001806.2	51079	G	A	0		1/1
NC_001806.2	51406	G	A	0		1/1
NC_001806.2	51696	G	T	0		1/1
NC_001806.2	51708	T	C	0		1/1
NC_001806.2	51710	T	C	0		1/1
NC_001806.2	51832	T	C	0		1/1
NC_001806.2	51887	T	G	0		1/1
NC_001806.2	51910	T	C	0		1/1
NC_001806.2	52201	C	T	0		1/1
NC_001806.2	52219	T	G	0		1/1
NC_001806.2	52271	C	T	0		1/1
NC_001806.2	52301	C	A	0		1/1
NC_001806.2	52321	A	G	0		1/1
NC_001806.2	52788	T	G	0		1/1
NC_001806.2	52880	TGGGGGGGGGGGGA	TGGGGGGGA	0		1/1
NC_001806.2	52969	TT	TTAT	0		1/1
NC_001806.2	53080	A	G	0		1/1
NC_001806.2	54386	G	T	0		1/1
NC_001806.2	54635	A	G	0		1/1
NC_001806.2	57426	G	A	0		1/1
NC_001806.2	57723	G	C	0		1/1
NC_001806.2	58941	T	C	0		1/1
NC_001806.2	59331	T	C	0		1/1
NC_001806.2	59994	A	G	0		1/1
NC_001806.2	60279	C	T	0		1/1
NC_001806.2	60369	G	A	0		1/1
NC_001806.2	60378	C	T	0		1/1
NC_001806.2	60552	T	C	0		1/1
NC_001806.2	61186	C	T	0		1/1
NC_001806.2	61431	A	C	0		1/1
NC_001806.2	61449	G	A	0		1/1
NC_001806.2	61710	A	G	0		1/1
NC_001806.2	62061	T	C	0		1/1
NC_001806.2	62115	A	G	0		1/1
NC_001806.2	62203	C	A	0		1/1
NC_001806.2	62885	G	A	0		1/1
NC_001806.2	65561	C	T	0		1/1
NC_001806.2	66073	G	A	0		1/1
NC_001806.2	66082	C	A	0		1/1
NC_001806.2	66177	C	A	0		1/1
NC_001806.2	66428	A	G	0		1/1
NC_001806.2	68136	A	G	0		1/1
NC_001806.2	68728	A	G	0		1/1
NC_001806.2	68974	A	G	0		1/1
NC_001806.2	69159	C	T	0		1/1
NC_001806.2	69172	G	A	0		1/1
NC_001806.2	69560	T	C	0		1/1
NC_001806.2	69893	A	C	0		1/1
NC_001806.2	71166	T	C	0		1/1
NC_001806.2	71616	T	C	0		1/1
NC_001806.2	73744	A	G	0		1/1
NC_001806.2	73749	A	C	0		1/1
NC_001806.2	74085	A	G	0		1/1
NC_001806.2	74196	T	C	0		1/1
NC_001806.2	74882	C	T	0		1/1
NC_001806.2	75302	T	C	0		1/1
NC_001806.2	75359	C	T	0		1/1
NC_001806.2	75461	C	A	0		1/1
NC_001806.2	75799	G	A	0		1/1
NC_001806.2	76119	C	G	0		1/1
NC_001806.2	76191	G	A	0		1/1
NC_001806.2	76335	T	C	0		1/1
NC_001806.2	76427	C	T	0		1/1
NC_001806.2	76707	C	T	0		1/1
NC_001806.2	76813	A	C	0		1/1
NC_001806.2	76983	A	G	0		1/1
NC_001806.2	76995	T	C	0		1/1
NC_001806.2	77091	T	G	0		1/1
NC_001806.2	77145	A	G	0		1/1
NC_001806.2	77358	G	C	0		1/1
NC_001806.2	77712	T	C	0		1/1
NC_001806.2	77754	T	C	0		1/1
NC_001806.2	77850	G	T	0		1/1
NC_001806.2	77964	G	T	0		1/1
NC_001806.2	78036	T	C	0		1/1
NC_001806.2	78674	A	G	0		1/1
NC_001806.2	78685	T	C	0		1/1
NC_001806.2	78822	G	A	0		1/1
NC_001806.2	78981	C	T	0		1/1
NC_001806.2	79625	G	T	0		1/1
NC_001806.2	80292	G	A	0		1/1
NC_001806.2	80649	CCGC	CC,CCCC	0.521739,0.361001		1/2
NC_001806.2	80654	C	A	0		1/1
NC_001806.2	80698	T	G	0		1/1
NC_001806.2	80768	A	C	0		1/1
NC_001806.2	81331	G	A	0		1/1
NC_001806.2	81391	G	A	0		1/1
NC_001806.2	81400	G	A	0		1/1
NC_001806.2	82932	C	T	0		1/1
NC_001806.2	83155	G	C	0		1/1
NC_001806.2	83158	C	T	0		1/1
NC_001806.2	83182	G	T	0		1/1
NC_001806.2	83479	C	T	0		1/1
NC_001806.2	83624	G	A	0		1/1
NC_001806.2	84200	C	A	0		1/1
NC_001806.2	84488	CCTC	C,CCCC	0.506757,0.256757		1/2
NC_001806.2	84508	C	T	0		1/1
NC_001806.2	84523	GG	CA	0		1/1
NC_001806.2	84599	A	C	0		1/1
NC_001806.2	84789	C	A	0		1/1
NC_001806.2	84831	C	A	0		1/1
NC_001806.2	84863	C	T	0		1/1
NC_001806.2	84908	T	C	0		1/1
NC_001806.2	85397	A	G	0		1/1
NC_001806.2	85610	C	T	0		1/1
NC_001806.2	85751	G	T	0		1/1
NC_001806.2	85880	T	C	0		1/1
NC_001806.2	85991	T	G	0		1/1
NC_001806.2	86006	G	A	0		1/1
NC_001806.2	86132	T	C	0		1/1
NC_001806.2	86244	C	T	0		1/1
NC_001806.2	86335	C	G	0		1/1
NC_001806.2	86411	C	G	0		1/1
NC_001806.2	86619	G	A	0		1/1
NC_001806.2	86889	C	G	0		1/1
NC_001806.2	88719	T	C	0		1/1
NC_001806.2	88979	G	A	0		1/1
NC_001806.2	89840	T	C	0		1/1
NC_001806.2	90231	G	A	0		1/1
NC_001806.2	90380	T	C	0		1/1
NC_001806.2	91914	T	C	0		1/1
NC_001806.2	92066	G	A	0		1/1
NC_001806.2	92223	C	T	0		1/1
NC_001806.2	92645	A	G	0		1/1
NC_001806.2	93149	C	A	0		1/1
NC_001806.2	93228	A	G	0		1/1
NC_001806.2	93297	C	A	0		1/1
NC_001806.2	93771	C	A	0		1/1
NC_001806.2	93912	G	A	0		1/1
NC_001806.2	93962	G	C	0		1/1
NC_001806.2	94110	A	C	0		1/1
NC_001806.2	94241	T	C	0		1/1
NC_001806.2	94243	C	T	0		1/1
NC_001806.2	94245	T	C	0		1/1
NC_001806.2	94322	G	A	0		1/1
NC_001806.2	94461	G	A	0		1/1
NC_001806.2	94593	G	A	0		1/1
NC_001806.2	94607	T	C	0		1/1
NC_001806.2	94614	C	A	0		1/1
NC_001806.2	94657	T	C	0		1/1
NC_001806.2	94827	T	C	0		1/1
NC_001806.2	95035	A	G	0		1/1
NC_001806.2	95151	C	T	0		1/1
NC_001806.2	95404	T	C	0		1/1
NC_001806.2	95413	T	G	0		1/1
NC_001806.2	95437	T	C	0		1/1
NC_001806.2	95444	AC	GT	0		1/1
NC_001806.2	95459	C	G	0		1/1
NC_001806.2	95462	T	A	0		1/1
NC_001806.2	95476	G	A	0		1/1
NC_001806.2	95499	TT	AC	0		1/1
NC_001806.2	95509	C	A	0		1/1
NC_001806.2	95524	C	A	0		1/1
NC_001806.2	95539	C	G	0		1/1
NC_001806.2	95570	A	G	0		1/1
NC_001806.2	95575	C	A	0		1/1
NC_001806.2	95623	G	T	0		1/1
NC_001806.2	95753	GC	AT	0		1/1
NC_001806.2	96006	T	C	0		1/1
NC_001806.2	96038	C	T	0		1/1
NC_001806.2	96178	T	C	0		1/1
NC_001806.2	96244	GTT	GTTT	0		1/1
NC_001806.2	96378	T	G	0		1/1
NC_001806.2	96488	G	A	0		1/1
NC_001806.2	96905	A	G	0		1/1
NC_001806.2	97228	A	G	0		1/1
NC_001806.2	97367	T	C	0		1/1
NC_001806.2	97676	A	G	0		1/1
NC_001806.2	97851	A	G	0		1/1
NC_001806.2	97891	TCCCCCCT	TCCCCCT	0		1/1
NC_001806.2	97971	A	C	0		1/1
NC_001806.2	98023	A	G	0		1/1
NC_001806.2	98025	A	G	0		1/1
NC_001806.2	99182	C	T	0		1/1
NC_001806.2	99326	G	A	0		1/1
NC_001806.2	99353	A	C	0		1/1
NC_001806.2	99417	T	C	0		1/1
NC_001806.2	99438	C	T	0		1/1
NC_001806.2	99450	T	C	0		1/1
NC_001806.2	99501	T	G	0		1/1
NC_001806.2	99627	T	G	0		1/1
NC_001806.2	99634	G	A	0		1/1
NC_001806.2	99722	T	C	0		1/1
NC_001806.2	99726	G	A	0		1/1
NC_001806.2	100189	G	A	0		1/1
NC_001806.2	100954	G	A	0		1/1
NC_001806.2	100998	C	T	0		1/1
NC_001806.2	101225	A	C	0		1/1
NC_001806.2	101270	T	G	0		1/1
NC_001806.2	101375	G	A	0		1/1
NC_001806.2	101528	C	A	0		1/1
NC_001806.2	101585	G	T	0		1/1
NC_001806.2	102134	G	T	0		1/1
NC_001806.2	102633	G	T	0		1/1
NC_001806.2	102665	C	T	0		1/1
NC_001806.2	102734	G	T	0		1/1
NC_001806.2	102874	T	A	0		1/1
NC_001806.2	103252	C	T	0		1/1
NC_001806.2	104405	A	G	0		1/1
NC_001806.2	104670	A	C	0		1/1
NC_001806.2	104711	T	C	0		1/1
NC_001806.2	104807	G	A	0		1/1
NC_001806.2	104925	T	C	0		1/1
NC_001806.2	104976	G	A	0		1/1
NC_001806.2	105044	T	C	0		1/1
NC_001806.2	105176	GAA	GAAA	0		1/1
NC_001806.2	105252	G	T	0		1/1
NC_001806.2	105279	A	C	0		1/1
NC_001806.2	105381	CC	CAC	0		1/1
NC_001806.2	105397	C	A	0		1/1
NC_001806.2	105483	GTT	GTTT	0		1/1
NC_001806.2	105499	C	A	0		1/1
NC_001806.2	105709	T	G	0		1/1
NC_001806.2	106717	G	A	0		1/1
NC_001806.2	106844	T	C	0		1/1
NC_001806.2	106912	C	T	0		1/1
NC_001806.2	107193	G	C	0		1/1
NC_001806.2	107463	GCCCCCCCCT	GCCCCCCCCCT	0.599424		0/1
NC_001806.2	107506	T	C	0		1/1
NC_001806.2	107750	A	C	0		1/1
NC_001806.2	108145	T	G	0		1/1
NC_001806.2	108408	C	T	0		1/1
NC_001806.2	110591	C	A	0		1/1
NC_001806.2	111490	G	A	0		1/1
NC_001806.2	112072	C	T	0		1/1
NC_001806.2	112758	G	A	0		1/1
NC_001806.2	112899	G	T	0		1/1
NC_001806.2	112911	G	C	0		1/1
NC_001806.2	113076	C	T	0		1/1
NC_001806.2	113223	T	A	0		1/1
NC_001806.2	113428	G	T	0		1/1
NC_001806.2	113494	C	T	0		1/1
NC_001806.2	113713	G	A	0		1/1
NC_001806.2	113723	G	A	0		1/1
NC_001806.2	113740	G	A	0		1/1
NC_001806.2	114199	T	C	0		1/1
NC_001806.2	114253	T	G	0		1/1
NC_001806.2	114351	A	C	0		1/1
NC_001806.2	114620	C	T	0		1/1
NC_001806.2	115311	T	A	0		1/1
NC_001806.2	115432	T	C	0		1/1
NC_001806.2	116093	CAAAAAAAT	CAAAAAAT	0		1/1
NC_001806.2	116119	C	T	0		1/1
NC_001806.2	116258	A	T	0		1/1
NC_001806.2	116290	A	C	0		1/1
NC_001806.2	116297	G	A	0		1/1
NC_001806.2	116348	C	T	0		1/1
NC_001806.2	116754	A	G	0		1/1
NC_001806.2	116893	A	G	0		1/1
NC_001806.2	116975	T	G	0		1/1
NC_001806.2	117032	A	G	0		1/1
NC_001806.2	117069	C	T	0		1/1
NC_001806.2	117071	TG	CT	0		1/1
NC_001806.2	117138	G	A	0		1/1
NC_001806.2	120462	G	A	0		1/1
NC_001806.2	120496	G	T	0		1/1
NC_001806.2	132491	GG	GGTG	0		1/1
NC_001806.2	132552	T	C	0		1/1
NC_001806.2	132608	C	G	0		1/1
NC_001806.2	132746	T	G	0		1/1
NC_001806.2	132775	A	C	0		1/1
NC_001806.2	132779	T	A	0		1/1
NC_001806.2	132850	T	G	0		1/1
NC_001806.2	132950	G	A	0		1/1
NC_001806.2	132953	T	G	0		1/1
NC_001806.2	133129	C	A	0		1/1
NC_001806.2	133372	T	C	0		1/1
NC_001806.2	133467	G	A	0		1/1
NC_001806.2	133471	G	A	0		1/1
NC_001806.2	133487	A	G	0		1/1
NC_001806.2	133885	C	T	0		1/1
NC_001806.2	133929	C	T	0		1/1
NC_001806.2	133939	C	A	0		1/1
NC_001806.2	135065	CGGGGGGGC	CGGGGGGGGC	0		1/1
NC_001806.2	135854	T	C	0		1/1
NC_001806.2	137646	A	G	0		1/1
NC_001806.2	137934	A	G	0		1/1
NC_001806.2	138015	T	C	0.815789		0/1
NC_001806.2	138370	C	A	0		1/1
NC_001806.2	138511	T	C	0		1/1
NC_001806.2	139522	A	G	0		1/1
NC_001806.2	139701	T	C	0		1/1
NC_001806.2	140006	G	T	0		1/1
NC_001806.2	140100	A	T	0		1/1
NC_001806.2	140160	C	G	0		1/1
NC_001806.2	140192	A	G	0		1/1
NC_001806.2	140199	A	G	0		1/1
NC_001806.2	140205	G	T	0		1/1
NC_001806.2	140244	T	G	0		1/1
NC_001806.2	140250	G	A	0		1/1
NC_001806.2	140323	T	C	0		1/1
NC_001806.2	140354	C	A	0		1/1
NC_001806.2	140405	A	C	0		1/1
NC_001806.2	140450	T	C	0		1/1
NC_001806.2	140452	C	T	0.896277		0/1
NC_001806.2	140455	G	A	0		1/1
NC_001806.2	140457	T	C	0		1/1
NC_001806.2	140496	G	A	0		1/1
NC_001806.2	140514	T	C	0		1/1
NC_001806.2	140523	A	C	0		1/1
NC_001806.2	140531	C	A	0		1/1
NC_001806.2	140556	T	G	0		1/1
NC_001806.2	140637	C	T	0		1/1
NC_001806.2	140709	T	C	0		1/1
NC_001806.2	140723	G	A	0		1/1
NC_001806.2	140733	G	A	0		1/1
NC_001806.2	140739	G	T	0		1/1
NC_001806.2	140844	G	A	0		1/1
NC_001806.2	140889	T	G	0		1/1
NC_001806.2	140932	C	T	0		1/1
NC_001806.2	140982	A	G	0		1/1
NC_001806.2	141006	C	A	0		1/1
NC_001806.2	141043	C	A	0		1/1
NC_001806.2	141054	G	C	0		1/1
NC_001806.2	141062	T	C	0.7625		0/1
NC_001806.2	141070	T	C	0		1/1
NC_001806.2	141092	G	A	0		1/1
NC_001806.2	141171	C	G	0		1/1
NC_001806.2	141568	G	A	0		1/1
NC_001806.2	141579	A	G	0		1/1
NC_001806.2	141634	C	T	0		1/1
NC_001806.2	141675	C	T	0		1/1
NC_001806.2	141791	ACGAGGGC	ACGAGGGCGAGGGC	0.696296		0/1
NC_001806.2	141813	C	A	0		1/1
NC_001806.2	141859	G	C	0.280374		0/1
NC_001806.2	141900	T	C	0		1/1
NC_001806.2	141961	A	G	0		1/1
NC_001806.2	141966	C	T	0		1/1
NC_001806.2	142015	T	A	0		1/1
NC_001806.2	142110	A	G	0		1/1
NC_001806.2	142131	G	T	0		1/1
NC_001806.2	142206	A	G	0		1/1
NC_001806.2	142240	G	T	0		1/1
NC_001806.2	142323	T	C	0		1/1
NC_001806.2	142353	C	A	0		1/1
NC_001806.2	142542	A	G	0		1/1
NC_001806.2	142891	T	G	0		1/1
NC_001806.2	143276	A	T	0		1/1
NC_001806.2	143979	A	T	0		1/1
NC_001806.2	143989	AA	TT	0		1/1
NC_001806.2	144136	A	G	0		1/1
NC_001806.2	144522	A	G	0		1/1
NC_001806.2	144627	T	A	0		1/1
NC_001806.2	144686	T	G	0		1/1
NC_001806.2	144708	T	C	0		1/1
NC_001806.2	144716	G	C	0		1/1
NC_001806.2	144831	A	G	0		1/1
NC_001806.2	144841	CCGGGGAGACCGGGGCTCCCTGGGAGAC	CCGGGGAGGCCGGGGCTCC,C	0.474286,0.525714		1/2
NC_001806.2	145263	CGGGGGGGA	CGGGGGGA	0		1/1
NC_001806.2	145289	G	A	0		1/1
NC_001806.2	145293	C	T	0		1/1
NC_001806.2	145297	T	C	0		1/1
NC_001806.2	145405	C	T	0		1/1
NC_001806.2	145433	G	A	0		1/1
NC_001806.2	145483	G	A	0		1/1
NC_001806.2	145542	G	T	0		1/1
NC_001806.2	145636	T	C	0		1/1
NC_001806.2	145644	G	C	0.477064		0/1
NC_001806.2	145645	A	G	0.69863		0/1
