NC_003977.2	1	370
NC_003977.2	2	593
NC_003977.2	3	643
NC_003977.2	4	11546
NC_003977.2	5	11840
NC_003977.2	6	11889
NC_003977.2	7	12087
NC_003977.2	8	12362
NC_003977.2	9	12395
NC_003977.2	10	12440
NC_003977.2	11	12765
NC_003977.2	12	12783
NC_003977.2	13	12903
NC_003977.2	14	13104
NC_003977.2	15	13149
NC_003977.2	16	13503
NC_003977.2	17	13515
NC_003977.2	18	13584
NC_003977.2	19	13689
NC_003977.2	20	13812
NC_003977.2	21	13987
NC_003977.2	22	14401
NC_003977.2	23	14569
NC_003977.2	24	14721
NC_003977.2	25	14870
NC_003977.2	26	14882
NC_003977.2	27	14988
NC_003977.2	28	15078
NC_003977.2	29	15266
NC_003977.2	30	15438
NC_003977.2	31	15466
NC_003977.2	32	15574
NC_003977.2	33	15745
NC_003977.2	34	15910
NC_003977.2	35	15936
NC_003977.2	36	15400
NC_003977.2	37	15308
NC_003977.2	38	15458
NC_003977.2	39	15050
NC_003977.2	40	14967
NC_003977.2	41	13880
NC_003977.2	42	14146
NC_003977.2	43	14257
NC_003977.2	44	14365
NC_003977.2	45	14269
NC_003977.2	46	14251
NC_003977.2	47	14136
NC_003977.2	48	14116
NC_003977.2	49	14392
NC_003977.2	50	14395
NC_003977.2	51	14765
NC_003977.2	52	14744
NC_003977.2	53	14841
NC_003977.2	54	14779
NC_003977.2	55	14900
NC_003977.2	56	14928
NC_003977.2	57	15103
NC_003977.2	58	15125
NC_003977.2	59	15019
NC_003977.2	60	15072
NC_003977.2	61	15108
NC_003977.2	62	15120
NC_003977.2	63	15109
NC_003977.2	64	15091
NC_003977.2	65	14986
NC_003977.2	66	15118
NC_003977.2	67	15129
NC_003977.2	68	15232
NC_003977.2	69	15180
NC_003977.2	70	15391
NC_003977.2	71	15404
NC_003977.2	72	15387
NC_003977.2	73	15267
NC_003977.2	74	14928
NC_003977.2	75	14893
NC_003977.2	76	15031
NC_003977.2	77	14918
NC_003977.2	78	15041
NC_003977.2	79	14852
NC_003977.2	80	14880
NC_003977.2	81	14865
NC_003977.2	82	14667
NC_003977.2	83	14580
NC_003977.2	84	14445
NC_003977.2	85	14493
NC_003977.2	86	14431
NC_003977.2	87	14306
NC_003977.2	88	14296
NC_003977.2	89	14190
NC_003977.2	90	14234
NC_003977.2	91	14055
NC_003977.2	92	14047
NC_003977.2	93	14259
NC_003977.2	94	14199
NC_003977.2	95	14097
NC_003977.2	96	14180
NC_003977.2	97	14184
NC_003977.2	98	13924
NC_003977.2	99	14186
NC_003977.2	100	13937
NC_003977.2	101	14139
NC_003977.2	102	14142
NC_003977.2	103	14215
NC_003977.2	104	14055
NC_003977.2	105	14184
NC_003977.2	106	14410
NC_003977.2	107	14327
NC_003977.2	108	14468
NC_003977.2	109	14408
NC_003977.2	110	14492
NC_003977.2	111	14518
NC_003977.2	112	14468
NC_003977.2	113	14648
NC_003977.2	114	14620
NC_003977.2	115	14833
NC_003977.2	116	14599
NC_003977.2	117	14949
NC_003977.2	118	15004
NC_003977.2	119	14774
NC_003977.2	120	14954
NC_003977.2	121	14982
NC_003977.2	122	15071
NC_003977.2	123	14869
NC_003977.2	124	14718
NC_003977.2	125	14816
NC_003977.2	126	14769
NC_003977.2	127	14779
NC_003977.2	128	14665
NC_003977.2	129	14744
NC_003977.2	130	14635
NC_003977.2	131	14879
NC_003977.2	132	14891
NC_003977.2	133	14633
NC_003977.2	134	14622
NC_003977.2	135	14424
NC_003977.2	136	14486
NC_003977.2	137	14587
NC_003977.2	138	14446
NC_003977.2	139	14467
NC_003977.2	140	14450
NC_003977.2	141	14258
NC_003977.2	142	14114
NC_003977.2	143	14034
NC_003977.2	144	13841
NC_003977.2	145	13873
NC_003977.2	146	13945
NC_003977.2	147	13888
NC_003977.2	148	14019
NC_003977.2	149	13926
NC_003977.2	150	13811
NC_003977.2	151	13670
NC_003977.2	152	13497
NC_003977.2	153	13741
NC_003977.2	154	13792
NC_003977.2	155	13841
NC_003977.2	156	13892
NC_003977.2	157	13957
NC_003977.2	158	13919
NC_003977.2	159	13966
NC_003977.2	160	13759
NC_003977.2	161	13980
NC_003977.2	162	14121
NC_003977.2	163	13995
NC_003977.2	164	13932
NC_003977.2	165	13835
NC_003977.2	166	13640
NC_003977.2	167	13857
NC_003977.2	168	13790
NC_003977.2	169	13562
NC_003977.2	170	13360
NC_003977.2	171	12985
NC_003977.2	172	13148
NC_003977.2	173	13231
NC_003977.2	174	13301
NC_003977.2	175	13225
NC_003977.2	176	13272
NC_003977.2	177	13207
NC_003977.2	178	13058
NC_003977.2	179	13015
NC_003977.2	180	12694
NC_003977.2	181	12785
NC_003977.2	182	12806
NC_003977.2	183	12783
NC_003977.2	184	12837
NC_003977.2	185	12821
NC_003977.2	186	12822
NC_003977.2	187	12813
NC_003977.2	188	12826
NC_003977.2	189	13005
NC_003977.2	190	12932
NC_003977.2	191	13042
NC_003977.2	192	12831
NC_003977.2	193	12800
NC_003977.2	194	12863
NC_003977.2	195	13100
NC_003977.2	196	13181
NC_003977.2	197	13216
NC_003977.2	198	13255
NC_003977.2	199	13341
NC_003977.2	200	13402
NC_003977.2	201	13377
NC_003977.2	202	13324
NC_003977.2	203	13333
NC_003977.2	204	13500
NC_003977.2	205	13522
NC_003977.2	206	13547
NC_003977.2	207	13719
NC_003977.2	208	13773
NC_003977.2	209	13844
NC_003977.2	210	13820
NC_003977.2	211	13501
NC_003977.2	212	13358
NC_003977.2	213	13271
NC_003977.2	214	13057
NC_003977.2	215	13153
NC_003977.2	216	12954
NC_003977.2	217	13068
NC_003977.2	218	12829
NC_003977.2	219	12729
NC_003977.2	220	12859
NC_003977.2	221	12794
NC_003977.2	222	12630
NC_003977.2	223	12399
NC_003977.2	224	12368
NC_003977.2	225	12425
NC_003977.2	226	12141
NC_003977.2	227	12214
NC_003977.2	228	12008
NC_003977.2	229	12100
NC_003977.2	230	11906
NC_003977.2	231	11821
NC_003977.2	232	11772
NC_003977.2	233	11609
NC_003977.2	234	11552
NC_003977.2	235	11628
NC_003977.2	236	11562
NC_003977.2	237	11287
NC_003977.2	238	10942
NC_003977.2	239	10804
NC_003977.2	240	10796
NC_003977.2	241	11013
NC_003977.2	242	11004
NC_003977.2	243	11142
NC_003977.2	244	11151
NC_003977.2	245	11167
NC_003977.2	246	11279
NC_003977.2	247	11350
NC_003977.2	248	11211
NC_003977.2	249	11137
NC_003977.2	250	11406
NC_003977.2	251	11412
NC_003977.2	252	11549
NC_003977.2	253	11460
NC_003977.2	254	11456
NC_003977.2	255	11550
NC_003977.2	256	11483
NC_003977.2	257	11632
NC_003977.2	258	11529
NC_003977.2	259	11741
NC_003977.2	260	11962
NC_003977.2	261	12008
NC_003977.2	262	11960
NC_003977.2	263	11886
NC_003977.2	264	11959
NC_003977.2	265	11978
NC_003977.2	266	12137
NC_003977.2	267	12272
NC_003977.2	268	12250
NC_003977.2	269	12404
NC_003977.2	270	12342
NC_003977.2	271	12383
NC_003977.2	272	12466
NC_003977.2	273	12427
NC_003977.2	274	12537
NC_003977.2	275	12503
NC_003977.2	276	12495
NC_003977.2	277	12276
NC_003977.2	278	12372
NC_003977.2	279	12242
NC_003977.2	280	12097
NC_003977.2	281	12113
NC_003977.2	282	11916
NC_003977.2	283	11836
NC_003977.2	284	11680
NC_003977.2	285	11760
NC_003977.2	286	11774
NC_003977.2	287	11909
NC_003977.2	288	12064
NC_003977.2	289	11915
NC_003977.2	290	11930
NC_003977.2	291	11910
NC_003977.2	292	11977
NC_003977.2	293	11958
NC_003977.2	294	12153
NC_003977.2	295	12190
NC_003977.2	296	12322
NC_003977.2	297	12428
NC_003977.2	298	12521
NC_003977.2	299	12608
NC_003977.2	300	12584
NC_003977.2	301	12626
NC_003977.2	302	12750
NC_003977.2	303	12814
NC_003977.2	304	12924
NC_003977.2	305	12899
NC_003977.2	306	13040
NC_003977.2	307	13027
NC_003977.2	308	12879
NC_003977.2	309	12895
NC_003977.2	310	12674
NC_003977.2	311	12742
NC_003977.2	312	12758
NC_003977.2	313	13059
NC_003977.2	314	13061
NC_003977.2	315	12921
NC_003977.2	316	12674
NC_003977.2	317	12531
NC_003977.2	318	12570
NC_003977.2	319	12402
NC_003977.2	320	12236
NC_003977.2	321	12416
NC_003977.2	322	12381
NC_003977.2	323	12606
NC_003977.2	324	12548
NC_003977.2	325	12510
NC_003977.2	326	12277
NC_003977.2	327	12175
NC_003977.2	328	12058
NC_003977.2	329	12334
NC_003977.2	330	12279
NC_003977.2	331	12320
NC_003977.2	332	12265
NC_003977.2	333	12244
NC_003977.2	334	12167
NC_003977.2	335	12031
NC_003977.2	336	12095
NC_003977.2	337	12128
NC_003977.2	338	12122
NC_003977.2	339	12310
NC_003977.2	340	12228
NC_003977.2	341	12108
NC_003977.2	342	11890
NC_003977.2	343	11850
NC_003977.2	344	11991
NC_003977.2	345	12098
NC_003977.2	346	12210
NC_003977.2	347	12248
NC_003977.2	348	12406
NC_003977.2	349	12228
NC_003977.2	350	12198
NC_003977.2	351	12201
NC_003977.2	352	12157
NC_003977.2	353	12284
NC_003977.2	354	12305
NC_003977.2	355	12475
NC_003977.2	356	12437
NC_003977.2	357	12399
NC_003977.2	358	12370
NC_003977.2	359	12447
NC_003977.2	360	12417
NC_003977.2	361	12616
NC_003977.2	362	12670
NC_003977.2	363	12532
NC_003977.2	364	12681
NC_003977.2	365	12422
NC_003977.2	366	12440
NC_003977.2	367	12366
NC_003977.2	368	12348
NC_003977.2	369	12476
NC_003977.2	370	12470
NC_003977.2	371	12566
NC_003977.2	372	12329
NC_003977.2	373	12280
NC_003977.2	374	12404
NC_003977.2	375	12272
NC_003977.2	376	12331
NC_003977.2	377	12370
NC_003977.2	378	12288
NC_003977.2	379	12470
NC_003977.2	380	12415
NC_003977.2	381	12254
NC_003977.2	382	12088
NC_003977.2	383	12045
NC_003977.2	384	11955
NC_003977.2	385	12151
NC_003977.2	386	12247
NC_003977.2	387	12076
NC_003977.2	388	11907
NC_003977.2	389	11718
NC_003977.2	390	11686
NC_003977.2	391	11663
NC_003977.2	392	11774
NC_003977.2	393	11668
NC_003977.2	394	11803
NC_003977.2	395	11703
NC_003977.2	396	11685
NC_003977.2	397	11440
NC_003977.2	398	11302
NC_003977.2	399	11272
NC_003977.2	400	11238
NC_003977.2	401	11493
NC_003977.2	402	11462
NC_003977.2	403	11402
NC_003977.2	404	11395
NC_003977.2	405	11266
NC_003977.2	406	11390
NC_003977.2	407	11415
NC_003977.2	408	11226
NC_003977.2	409	11189
NC_003977.2	410	11034
NC_003977.2	411	11171
NC_003977.2	412	11199
NC_003977.2	413	11300
NC_003977.2	414	11186
NC_003977.2	415	11259
NC_003977.2	416	11538
NC_003977.2	417	11424
NC_003977.2	418	11473
NC_003977.2	419	11709
NC_003977.2	420	11783
NC_003977.2	421	11907
NC_003977.2	422	11910
NC_003977.2	423	11954
NC_003977.2	424	12041
NC_003977.2	425	11925
NC_003977.2	426	12032
NC_003977.2	427	12025
NC_003977.2	428	12022
NC_003977.2	429	12164
NC_003977.2	430	12127
NC_003977.2	431	12256
NC_003977.2	432	12341
NC_003977.2	433	12203
NC_003977.2	434	12210
NC_003977.2	435	11892
NC_003977.2	436	12063
NC_003977.2	437	12151
NC_003977.2	438	12111
NC_003977.2	439	12174
NC_003977.2	440	12249
NC_003977.2	441	12378
NC_003977.2	442	12417
NC_003977.2	443	12195
NC_003977.2	444	12190
NC_003977.2	445	11897
NC_003977.2	446	11856
NC_003977.2	447	11838
NC_003977.2	448	11705
NC_003977.2	449	11789
NC_003977.2	450	11688
NC_003977.2	451	11658
NC_003977.2	452	11474
NC_003977.2	453	11435
NC_003977.2	454	11423
NC_003977.2	455	11437
NC_003977.2	456	11460
NC_003977.2	457	11439
NC_003977.2	458	11414
NC_003977.2	459	11446
NC_003977.2	460	11401
NC_003977.2	461	11367
NC_003977.2	462	11458
NC_003977.2	463	11455
NC_003977.2	464	11768
NC_003977.2	465	11916
NC_003977.2	466	11759
NC_003977.2	467	11986
NC_003977.2	468	12049
NC_003977.2	469	11893
NC_003977.2	470	11850
NC_003977.2	471	12146
NC_003977.2	472	12408
NC_003977.2	473	12519
NC_003977.2	474	12575
NC_003977.2	475	12405
NC_003977.2	476	12452
NC_003977.2	477	12374
NC_003977.2	478	12356
NC_003977.2	479	12388
NC_003977.2	480	12461
NC_003977.2	481	12472
NC_003977.2	482	12327
NC_003977.2	483	12255
NC_003977.2	484	12102
NC_003977.2	485	12095
NC_003977.2	486	12047
NC_003977.2	487	12244
NC_003977.2	488	12294
NC_003977.2	489	12395
NC_003977.2	490	12582
NC_003977.2	491	12461
NC_003977.2	492	12599
NC_003977.2	493	12569
NC_003977.2	494	12548
NC_003977.2	495	12751
NC_003977.2	496	12447
NC_003977.2	497	12502
NC_003977.2	498	12750
NC_003977.2	499	12805
NC_003977.2	500	12920
NC_003977.2	501	12753
NC_003977.2	502	13036
NC_003977.2	503	13116
NC_003977.2	504	13355
NC_003977.2	505	13376
NC_003977.2	506	13403
NC_003977.2	507	13229
NC_003977.2	508	13224
NC_003977.2	509	13299
NC_003977.2	510	13452
NC_003977.2	511	13764
NC_003977.2	512	13670
NC_003977.2	513	13851
NC_003977.2	514	13921
NC_003977.2	515	13759
NC_003977.2	516	13822
NC_003977.2	517	13807
NC_003977.2	518	13778
NC_003977.2	519	13893
NC_003977.2	520	14040
NC_003977.2	521	14101
NC_003977.2	522	14035
NC_003977.2	523	13863
NC_003977.2	524	13865
NC_003977.2	525	14203
NC_003977.2	526	14257
NC_003977.2	527	14208
NC_003977.2	528	14048
NC_003977.2	529	14052
NC_003977.2	530	14288
NC_003977.2	531	14212
NC_003977.2	532	14320
NC_003977.2	533	14203
NC_003977.2	534	14254
NC_003977.2	535	14343
NC_003977.2	536	14489
NC_003977.2	537	14316
NC_003977.2	538	13987
NC_003977.2	539	13879
NC_003977.2	540	13832
NC_003977.2	541	13723
NC_003977.2	542	13527
NC_003977.2	543	13533
NC_003977.2	544	13602
NC_003977.2	545	13555
NC_003977.2	546	13516
NC_003977.2	547	13538
NC_003977.2	548	13418
NC_003977.2	549	13402
NC_003977.2	550	13270
NC_003977.2	551	13256
NC_003977.2	552	13280
NC_003977.2	553	13218
NC_003977.2	554	13070
NC_003977.2	555	13182
NC_003977.2	556	13228
NC_003977.2	557	13353
NC_003977.2	558	13450
NC_003977.2	559	13421
NC_003977.2	560	13515
NC_003977.2	561	13569
NC_003977.2	562	13599
NC_003977.2	563	13471
NC_003977.2	564	13658
NC_003977.2	565	13695
NC_003977.2	566	13841
NC_003977.2	567	14219
NC_003977.2	568	14338
NC_003977.2	569	14486
NC_003977.2	570	14774
NC_003977.2	571	14920
NC_003977.2	572	15295
NC_003977.2	573	15364
NC_003977.2	574	15609
NC_003977.2	575	15720
NC_003977.2	576	15702
NC_003977.2	577	15932
NC_003977.2	578	15992
NC_003977.2	579	16020
NC_003977.2	580	16231
NC_003977.2	581	16196
NC_003977.2	582	16280
NC_003977.2	583	16509
NC_003977.2	584	16458
NC_003977.2	585	16634
NC_003977.2	586	16485
NC_003977.2	587	16427
NC_003977.2	588	16498
NC_003977.2	589	16154
NC_003977.2	590	15985
NC_003977.2	591	16033
NC_003977.2	592	15941
NC_003977.2	593	15848
NC_003977.2	594	15653
NC_003977.2	595	15372
NC_003977.2	596	15233
NC_003977.2	597	15311
NC_003977.2	598	15267
NC_003977.2	599	15292
NC_003977.2	600	15293
NC_003977.2	601	15235
NC_003977.2	602	15277
NC_003977.2	603	15180
NC_003977.2	604	15238
NC_003977.2	605	15328
NC_003977.2	606	15302
NC_003977.2	607	15362
NC_003977.2	608	15271
NC_003977.2	609	15316
NC_003977.2	610	15459
NC_003977.2	611	15360
NC_003977.2	612	15354
NC_003977.2	613	15519
NC_003977.2	614	15553
NC_003977.2	615	15662
NC_003977.2	616	15699
NC_003977.2	617	15671
NC_003977.2	618	15948
NC_003977.2	619	16026
NC_003977.2	620	15958
NC_003977.2	621	16273
NC_003977.2	622	16219
NC_003977.2	623	16500
NC_003977.2	624	16503
NC_003977.2	625	16512
NC_003977.2	626	16419
NC_003977.2	627	16369
NC_003977.2	628	16318
NC_003977.2	629	16484
NC_003977.2	630	16311
NC_003977.2	631	16434
NC_003977.2	632	16668
NC_003977.2	633	16575
NC_003977.2	634	16562
NC_003977.2	635	16490
NC_003977.2	636	16564
NC_003977.2	637	16853
NC_003977.2	638	16962
NC_003977.2	639	17010
NC_003977.2	640	16922
NC_003977.2	641	16811
NC_003977.2	642	16645
NC_003977.2	643	16595
NC_003977.2	644	16546
NC_003977.2	645	16595
NC_003977.2	646	16376
NC_003977.2	647	16658
NC_003977.2	648	16685
NC_003977.2	649	16796
NC_003977.2	650	16818
NC_003977.2	651	16608
NC_003977.2	652	16596
NC_003977.2	653	16606
NC_003977.2	654	16560
NC_003977.2	655	16739
NC_003977.2	656	16597
NC_003977.2	657	16849
NC_003977.2	658	17032
NC_003977.2	659	17405
NC_003977.2	660	17409
NC_003977.2	661	17451
NC_003977.2	662	17532
NC_003977.2	663	17347
NC_003977.2	664	17504
NC_003977.2	665	17455
NC_003977.2	666	17571
NC_003977.2	667	17531
NC_003977.2	668	17438
NC_003977.2	669	17713
NC_003977.2	670	17767
NC_003977.2	671	17895
NC_003977.2	672	17638
NC_003977.2	673	17680
NC_003977.2	674	17587
NC_003977.2	675	17617
NC_003977.2	676	17541
NC_003977.2	677	17606
NC_003977.2	678	17413
NC_003977.2	679	17298
NC_003977.2	680	17471
NC_003977.2	681	17482
NC_003977.2	682	17408
NC_003977.2	683	17366
NC_003977.2	684	17181
NC_003977.2	685	17312
NC_003977.2	686	17255
NC_003977.2	687	17179
NC_003977.2	688	17298
NC_003977.2	689	17001
NC_003977.2	690	17035
NC_003977.2	691	17023
NC_003977.2	692	16762
NC_003977.2	693	16650
NC_003977.2	694	16503
NC_003977.2	695	16397
NC_003977.2	696	16782
NC_003977.2	697	16720
NC_003977.2	698	16732
NC_003977.2	699	16865
NC_003977.2	700	16899
NC_003977.2	701	16946
NC_003977.2	702	16455
NC_003977.2	703	16485
NC_003977.2	704	16537
NC_003977.2	705	16570
NC_003977.2	706	16412
NC_003977.2	707	16317
NC_003977.2	708	16376
NC_003977.2	709	16307
NC_003977.2	710	16443
NC_003977.2	711	16504
NC_003977.2	712	16118
NC_003977.2	713	16260
NC_003977.2	714	16231
NC_003977.2	715	16236
NC_003977.2	716	16250
NC_003977.2	717	16453
NC_003977.2	718	16516
NC_003977.2	719	16412
NC_003977.2	720	16519
NC_003977.2	721	16551
NC_003977.2	722	16746
NC_003977.2	723	16955
NC_003977.2	724	16950
NC_003977.2	725	16910
NC_003977.2	726	16838
NC_003977.2	727	16693
NC_003977.2	728	16796
NC_003977.2	729	16783
NC_003977.2	730	16915
NC_003977.2	731	16800
NC_003977.2	732	16623
NC_003977.2	733	16645
NC_003977.2	734	16600
NC_003977.2	735	16672
NC_003977.2	736	16750
NC_003977.2	737	16669
NC_003977.2	738	16469
NC_003977.2	739	16472
NC_003977.2	740	16180
NC_003977.2	741	16254
NC_003977.2	742	16149
NC_003977.2	743	16017
NC_003977.2	744	15967
NC_003977.2	745	15730
NC_003977.2	746	15646
NC_003977.2	747	15712
NC_003977.2	748	15799
NC_003977.2	749	15791
NC_003977.2	750	15901
NC_003977.2	751	15763
NC_003977.2	752	15818
NC_003977.2	753	15769
NC_003977.2	754	15723
NC_003977.2	755	16147
NC_003977.2	756	16061
NC_003977.2	757	16094
NC_003977.2	758	16239
NC_003977.2	759	15855
NC_003977.2	760	16008
NC_003977.2	761	16170
NC_003977.2	762	16358
NC_003977.2	763	16696
NC_003977.2	764	16917
NC_003977.2	765	16971
NC_003977.2	766	17042
NC_003977.2	767	17259
NC_003977.2	768	17122
NC_003977.2	769	17098
NC_003977.2	770	16945
NC_003977.2	771	16928
NC_003977.2	772	16902
NC_003977.2	773	16982
NC_003977.2	774	17299
NC_003977.2	775	17301
NC_003977.2	776	17296
NC_003977.2	777	17174
NC_003977.2	778	17033
NC_003977.2	779	16776
NC_003977.2	780	16822
NC_003977.2	781	16767
NC_003977.2	782	16862
NC_003977.2	783	16721
NC_003977.2	784	16824
NC_003977.2	785	17030
NC_003977.2	786	17044
NC_003977.2	787	17447
NC_003977.2	788	17628
NC_003977.2	789	17217
NC_003977.2	790	17318
NC_003977.2	791	17448
NC_003977.2	792	17455
NC_003977.2	793	17442
NC_003977.2	794	17479
NC_003977.2	795	17574
NC_003977.2	796	17641
NC_003977.2	797	17766
NC_003977.2	798	17838
NC_003977.2	799	17988
NC_003977.2	800	17982
NC_003977.2	801	17983
NC_003977.2	802	17898
NC_003977.2	803	17865
NC_003977.2	804	17987
NC_003977.2	805	17981
NC_003977.2	806	18126
NC_003977.2	807	18207
NC_003977.2	808	18137
NC_003977.2	809	17989
NC_003977.2	810	18038
NC_003977.2	811	18014
NC_003977.2	812	18140
NC_003977.2	813	17977
NC_003977.2	814	17907
NC_003977.2	815	17947
NC_003977.2	816	17725
NC_003977.2	817	17698
NC_003977.2	818	17828
NC_003977.2	819	17801
NC_003977.2	820	17863
NC_003977.2	821	17559
NC_003977.2	822	17393
NC_003977.2	823	17200
NC_003977.2	824	17218
NC_003977.2	825	17242
NC_003977.2	826	17160
NC_003977.2	827	17118
NC_003977.2	828	17097
NC_003977.2	829	17223
NC_003977.2	830	17089
NC_003977.2	831	17122
NC_003977.2	832	17110
NC_003977.2	833	17197
NC_003977.2	834	17233
NC_003977.2	835	17111
NC_003977.2	836	17065
NC_003977.2	837	17232
NC_003977.2	838	17250
NC_003977.2	839	17169
NC_003977.2	840	17083
NC_003977.2	841	17022
NC_003977.2	842	17198
NC_003977.2	843	17435
NC_003977.2	844	17356
NC_003977.2	845	17206
NC_003977.2	846	17110
NC_003977.2	847	17206
NC_003977.2	848	17152
NC_003977.2	849	17145
NC_003977.2	850	17099
NC_003977.2	851	17211
NC_003977.2	852	17223
NC_003977.2	853	17220
NC_003977.2	854	17184
NC_003977.2	855	17076
NC_003977.2	856	16981
NC_003977.2	857	16952
NC_003977.2	858	16862
NC_003977.2	859	16834
NC_003977.2	860	16876
NC_003977.2	861	16944
NC_003977.2	862	17036
NC_003977.2	863	16813
NC_003977.2	864	16727
NC_003977.2	865	16591
NC_003977.2	866	16507
NC_003977.2	867	16710
NC_003977.2	868	16891
NC_003977.2	869	16948
NC_003977.2	870	16986
NC_003977.2	871	16928
NC_003977.2	872	16756
NC_003977.2	873	16851
NC_003977.2	874	16777
NC_003977.2	875	16709
NC_003977.2	876	16748
NC_003977.2	877	16617
NC_003977.2	878	16640
NC_003977.2	879	16640
NC_003977.2	880	16416
NC_003977.2	881	16586
NC_003977.2	882	16505
NC_003977.2	883	16255
NC_003977.2	884	15968
NC_003977.2	885	15763
NC_003977.2	886	15829
NC_003977.2	887	15855
NC_003977.2	888	15683
NC_003977.2	889	15296
NC_003977.2	890	15151
NC_003977.2	891	15067
NC_003977.2	892	15122
NC_003977.2	893	15136
NC_003977.2	894	15131
NC_003977.2	895	15314
NC_003977.2	896	15281
NC_003977.2	897	15267
NC_003977.2	898	15186
NC_003977.2	899	15234
NC_003977.2	900	15312
NC_003977.2	901	15463
NC_003977.2	902	15390
NC_003977.2	903	15545
NC_003977.2	904	15572
NC_003977.2	905	15583
NC_003977.2	906	15894
NC_003977.2	907	15801
NC_003977.2	908	15597
NC_003977.2	909	15750
NC_003977.2	910	15656
NC_003977.2	911	15524
NC_003977.2	912	15345
NC_003977.2	913	15479
NC_003977.2	914	15633
NC_003977.2	915	15730
NC_003977.2	916	15710
NC_003977.2	917	15746
NC_003977.2	918	16028
NC_003977.2	919	16150
NC_003977.2	920	15986
NC_003977.2	921	15952
NC_003977.2	922	16019
NC_003977.2	923	16099
NC_003977.2	924	16131
NC_003977.2	925	16162
NC_003977.2	926	16071
NC_003977.2	927	16097
NC_003977.2	928	15830
NC_003977.2	929	16336
NC_003977.2	930	16329
NC_003977.2	931	16451
NC_003977.2	932	16651
NC_003977.2	933	16672
NC_003977.2	934	16709
NC_003977.2	935	16722
NC_003977.2	936	16743
NC_003977.2	937	16847
NC_003977.2	938	16846
NC_003977.2	939	16741
NC_003977.2	940	16837
NC_003977.2	941	17002
NC_003977.2	942	17140
NC_003977.2	943	17127
NC_003977.2	944	17200
NC_003977.2	945	17178
NC_003977.2	946	17307
NC_003977.2	947	17219
NC_003977.2	948	17216
NC_003977.2	949	17227
NC_003977.2	950	16898
NC_003977.2	951	16723
NC_003977.2	952	16712
NC_003977.2	953	16765
NC_003977.2	954	16659
NC_003977.2	955	16585
NC_003977.2	956	16629
NC_003977.2	957	17109
NC_003977.2	958	17094
NC_003977.2	959	17091
NC_003977.2	960	16839
NC_003977.2	961	16809
NC_003977.2	962	16620
NC_003977.2	963	16352
NC_003977.2	964	16335
NC_003977.2	965	16442
NC_003977.2	966	16492
NC_003977.2	967	16428
NC_003977.2	968	16508
NC_003977.2	969	16324
NC_003977.2	970	16324
NC_003977.2	971	16297
NC_003977.2	972	16117
NC_003977.2	973	15956
NC_003977.2	974	15836
NC_003977.2	975	15905
NC_003977.2	976	16101
NC_003977.2	977	15895
NC_003977.2	978	15877
NC_003977.2	979	15972
NC_003977.2	980	15993
NC_003977.2	981	16236
NC_003977.2	982	16395
NC_003977.2	983	16318
NC_003977.2	984	16486
NC_003977.2	985	16536
NC_003977.2	986	16481
NC_003977.2	987	16513
NC_003977.2	988	16390
NC_003977.2	989	16433
NC_003977.2	990	16355
NC_003977.2	991	16496
NC_003977.2	992	16515
NC_003977.2	993	16719
NC_003977.2	994	17063
NC_003977.2	995	16916
NC_003977.2	996	16808
NC_003977.2	997	16762
NC_003977.2	998	16797
NC_003977.2	999	16889
NC_003977.2	1000	16874
NC_003977.2	1001	16769
NC_003977.2	1002	16971
NC_003977.2	1003	16887
NC_003977.2	1004	16950
NC_003977.2	1005	16903
NC_003977.2	1006	16988
NC_003977.2	1007	16918
NC_003977.2	1008	16891
NC_003977.2	1009	16797
NC_003977.2	1010	17108
NC_003977.2	1011	17127
NC_003977.2	1012	17121
NC_003977.2	1013	17196
NC_003977.2	1014	17104
NC_003977.2	1015	16913
NC_003977.2	1016	16921
NC_003977.2	1017	16649
NC_003977.2	1018	16809
NC_003977.2	1019	16818
NC_003977.2	1020	16824
NC_003977.2	1021	16880
NC_003977.2	1022	16714
NC_003977.2	1023	16609
NC_003977.2	1024	16630
NC_003977.2	1025	16400
NC_003977.2	1026	16355
NC_003977.2	1027	16125
NC_003977.2	1028	16130
NC_003977.2	1029	15976
NC_003977.2	1030	15611
NC_003977.2	1031	15468
NC_003977.2	1032	15524
NC_003977.2	1033	15529
NC_003977.2	1034	15768
NC_003977.2	1035	15521
NC_003977.2	1036	15341
NC_003977.2	1037	15308
NC_003977.2	1038	15140
NC_003977.2	1039	15236
NC_003977.2	1040	15047
NC_003977.2	1041	14883
NC_003977.2	1042	14828
NC_003977.2	1043	14792
NC_003977.2	1044	15019
NC_003977.2	1045	15145
NC_003977.2	1046	15100
NC_003977.2	1047	15156
NC_003977.2	1048	15049
NC_003977.2	1049	14831
NC_003977.2	1050	14814
NC_003977.2	1051	14461
NC_003977.2	1052	13858
NC_003977.2	1053	13755
NC_003977.2	1054	13564
NC_003977.2	1055	13553
NC_003977.2	1056	13941
NC_003977.2	1057	13957
NC_003977.2	1058	13922
NC_003977.2	1059	13633
NC_003977.2	1060	13708
NC_003977.2	1061	13848
NC_003977.2	1062	13938
NC_003977.2	1063	13659
NC_003977.2	1064	13624
NC_003977.2	1065	13709
NC_003977.2	1066	13729
NC_003977.2	1067	13717
NC_003977.2	1068	13480
NC_003977.2	1069	13707
NC_003977.2	1070	13775
NC_003977.2	1071	13791
NC_003977.2	1072	13796
NC_003977.2	1073	13731
NC_003977.2	1074	13786
NC_003977.2	1075	14070
NC_003977.2	1076	14005
NC_003977.2	1077	14050
NC_003977.2	1078	13815
NC_003977.2	1079	13815
NC_003977.2	1080	13814
NC_003977.2	1081	13838
NC_003977.2	1082	13901
NC_003977.2	1083	14049
NC_003977.2	1084	14095
NC_003977.2	1085	14278
NC_003977.2	1086	14280
NC_003977.2	1087	14333
NC_003977.2	1088	14420
NC_003977.2	1089	14401
NC_003977.2	1090	14379
NC_003977.2	1091	14457
NC_003977.2	1092	14721
NC_003977.2	1093	14883
NC_003977.2	1094	14832
NC_003977.2	1095	14782
NC_003977.2	1096	14895
NC_003977.2	1097	14857
NC_003977.2	1098	14689
NC_003977.2	1099	14672
NC_003977.2	1100	14781
NC_003977.2	1101	14654
NC_003977.2	1102	14694
NC_003977.2	1103	14724
NC_003977.2	1104	14453
NC_003977.2	1105	14497
NC_003977.2	1106	14353
NC_003977.2	1107	14569
NC_003977.2	1108	14500
NC_003977.2	1109	14422
NC_003977.2	1110	14454
NC_003977.2	1111	14497
NC_003977.2	1112	14365
NC_003977.2	1113	14103
NC_003977.2	1114	13960
NC_003977.2	1115	13881
NC_003977.2	1116	13878
NC_003977.2	1117	13965
NC_003977.2	1118	13866
NC_003977.2	1119	13685
NC_003977.2	1120	13634
NC_003977.2	1121	13482
NC_003977.2	1122	13431
NC_003977.2	1123	13532
NC_003977.2	1124	13247
NC_003977.2	1125	13005
NC_003977.2	1126	13140
NC_003977.2	1127	13113
NC_003977.2	1128	13285
NC_003977.2	1129	13433
NC_003977.2	1130	13312
NC_003977.2	1131	13312
NC_003977.2	1132	12950
NC_003977.2	1133	13107
NC_003977.2	1134	13121
NC_003977.2	1135	13223
NC_003977.2	1136	13254
NC_003977.2	1137	13329
NC_003977.2	1138	13617
NC_003977.2	1139	13559
NC_003977.2	1140	13442
NC_003977.2	1141	13645
NC_003977.2	1142	13631
NC_003977.2	1143	13684
NC_003977.2	1144	13709
NC_003977.2	1145	13684
NC_003977.2	1146	13625
NC_003977.2	1147	13644
NC_003977.2	1148	13588
NC_003977.2	1149	13607
NC_003977.2	1150	13523
NC_003977.2	1151	13514
NC_003977.2	1152	13582
NC_003977.2	1153	13596
NC_003977.2	1154	13475
NC_003977.2	1155	13217
NC_003977.2	1156	13154
NC_003977.2	1157	13155
NC_003977.2	1158	13156
NC_003977.2	1159	13131
NC_003977.2	1160	12912
NC_003977.2	1161	12756
NC_003977.2	1162	12724
NC_003977.2	1163	12623
NC_003977.2	1164	12538
NC_003977.2	1165	12458
NC_003977.2	1166	12201
NC_003977.2	1167	12022
NC_003977.2	1168	11933
NC_003977.2	1169	11870
NC_003977.2	1170	11836
NC_003977.2	1171	11724
NC_003977.2	1172	11550
NC_003977.2	1173	11429
NC_003977.2	1174	11407
NC_003977.2	1175	11339
NC_003977.2	1176	11217
NC_003977.2	1177	11178
NC_003977.2	1178	11092
NC_003977.2	1179	10961
NC_003977.2	1180	10954
NC_003977.2	1181	10854
NC_003977.2	1182	10700
NC_003977.2	1183	10609
NC_003977.2	1184	10566
NC_003977.2	1185	10548
NC_003977.2	1186	10392
NC_003977.2	1187	10247
NC_003977.2	1188	10141
NC_003977.2	1189	10052
NC_003977.2	1190	9855
NC_003977.2	1191	9630
NC_003977.2	1192	9570
NC_003977.2	1193	9529
NC_003977.2	1194	9483
NC_003977.2	1195	9393
NC_003977.2	1196	9084
NC_003977.2	1197	8963
NC_003977.2	1198	8809
NC_003977.2	1199	8770
NC_003977.2	1200	8730
NC_003977.2	1201	8577
NC_003977.2	1202	8314
NC_003977.2	1203	8276
NC_003977.2	1204	8131
NC_003977.2	1205	8092
NC_003977.2	1206	8035
NC_003977.2	1207	7817
NC_003977.2	1208	7526
NC_003977.2	1209	7329
NC_003977.2	1210	7296
NC_003977.2	1211	7267
NC_003977.2	1212	7148
NC_003977.2	1213	7099
NC_003977.2	1214	6811
NC_003977.2	1215	6711
NC_003977.2	1216	6560
NC_003977.2	1217	6427
NC_003977.2	1218	6298
NC_003977.2	1219	6209
NC_003977.2	1220	6071
NC_003977.2	1221	6035
NC_003977.2	1222	5802
NC_003977.2	1223	5689
NC_003977.2	1224	5708
NC_003977.2	1225	5633
NC_003977.2	1226	5606
NC_003977.2	1227	5460
NC_003977.2	1228	5239
NC_003977.2	1229	4970
NC_003977.2	1230	4917
NC_003977.2	1231	4839
NC_003977.2	1232	4826
NC_003977.2	1233	4629
NC_003977.2	1234	4567
NC_003977.2	1235	4511
NC_003977.2	1236	4367
NC_003977.2	1237	4119
NC_003977.2	1238	3951
NC_003977.2	1239	3828
NC_003977.2	1240	3766
NC_003977.2	1241	3742
NC_003977.2	1242	3638
NC_003977.2	1243	3601
NC_003977.2	1244	3580
NC_003977.2	1245	3292
NC_003977.2	1246	3175
NC_003977.2	1247	2974
NC_003977.2	1248	2886
NC_003977.2	1249	2830
NC_003977.2	1250	2596
NC_003977.2	1251	1843
NC_003977.2	1252	1766
NC_003977.2	1253	1767
NC_003977.2	1254	1767
NC_003977.2	1255	1767
NC_003977.2	1256	1768
NC_003977.2	1257	1597
NC_003977.2	1258	1435
NC_003977.2	1259	1358
NC_003977.2	1260	978
NC_003977.2	1261	945
NC_003977.2	1262	892
NC_003977.2	1263	619
NC_003977.2	1264	536
NC_003977.2	1265	407
NC_003977.2	1266	362
NC_003977.2	1267	322
NC_003977.2	1268	313
NC_003977.2	1269	241
NC_003977.2	1270	233
NC_003977.2	1271	220
NC_003977.2	1272	165
NC_003977.2	1273	156
NC_003977.2	1274	118
NC_003977.2	1275	115
NC_003977.2	1276	110
NC_003977.2	1277	84
NC_003977.2	1278	78
NC_003977.2	1279	57
NC_003977.2	1280	30
NC_003977.2	1281	22
NC_003977.2	1282	19
NC_003977.2	1283	16
NC_003977.2	1284	14
NC_003977.2	1285	8
NC_003977.2	1286	8
NC_003977.2	1287	8
NC_003977.2	1288	7
NC_003977.2	1289	3
NC_003977.2	1290	2
NC_003977.2	1291	2
NC_003977.2	1292	2
NC_003977.2	1293	2
NC_003977.2	1294	2
NC_003977.2	1295	2
NC_003977.2	1296	2
NC_003977.2	1297	2
NC_003977.2	1298	2
NC_003977.2	1299	2
NC_003977.2	1300	2
NC_003977.2	1301	2
NC_003977.2	1302	2
NC_003977.2	1303	2
NC_003977.2	1304	2
NC_003977.2	1305	2
NC_003977.2	1306	2
NC_003977.2	1307	2
NC_003977.2	1308	2
NC_003977.2	1309	2
NC_003977.2	1310	2
NC_003977.2	1311	2
NC_003977.2	1312	2
NC_003977.2	1313	2
NC_003977.2	1314	2
NC_003977.2	1315	2
NC_003977.2	1316	2
NC_003977.2	1317	2
NC_003977.2	1318	2
NC_003977.2	1319	2
NC_003977.2	1320	2
NC_003977.2	1321	2
NC_003977.2	1322	2
NC_003977.2	1323	2
NC_003977.2	1324	2
NC_003977.2	1325	2
NC_003977.2	1326	2
NC_003977.2	1327	2
NC_003977.2	1328	2
NC_003977.2	1329	2
NC_003977.2	1330	2
NC_003977.2	1331	2
NC_003977.2	1332	2
NC_003977.2	1333	2
NC_003977.2	1334	2
NC_003977.2	1335	2
NC_003977.2	1336	2
NC_003977.2	1337	2
NC_003977.2	1338	2
NC_003977.2	1339	2
NC_003977.2	1340	2
NC_003977.2	1341	2
NC_003977.2	1342	2
NC_003977.2	1343	2
NC_003977.2	1344	2
NC_003977.2	1345	2
NC_003977.2	1346	2
NC_003977.2	1347	2
NC_003977.2	1348	2
NC_003977.2	1349	2
NC_003977.2	1350	2
NC_003977.2	1351	2
NC_003977.2	1352	2
NC_003977.2	1353	2
NC_003977.2	1354	2
NC_003977.2	1355	2
NC_003977.2	1356	2
NC_003977.2	1357	2
NC_003977.2	1358	1
NC_003977.2	1359	1
NC_003977.2	1360	1
NC_003977.2	1361	1
NC_003977.2	1362	1
NC_003977.2	1363	1
NC_003977.2	1364	1
NC_003977.2	1365	1
NC_003977.2	1366	1
NC_003977.2	1367	1
NC_003977.2	1368	1
NC_003977.2	1369	1
NC_003977.2	1370	1
NC_003977.2	1371	1
NC_003977.2	1372	1
NC_003977.2	1373	1
NC_003977.2	1374	1
NC_003977.2	1375	1
NC_003977.2	1376	1
NC_003977.2	1377	1
NC_003977.2	1378	1
NC_003977.2	1379	1
NC_003977.2	1380	1
NC_003977.2	1381	1
NC_003977.2	1382	1
NC_003977.2	1383	1
NC_003977.2	1384	1
NC_003977.2	1385	1
NC_003977.2	1386	1
NC_003977.2	1387	1
NC_003977.2	1388	1
NC_003977.2	1389	1
NC_003977.2	1390	1
NC_003977.2	1391	1
NC_003977.2	1392	1
NC_003977.2	1393	1
NC_003977.2	1394	1
NC_003977.2	1395	1
NC_003977.2	1396	1
NC_003977.2	1397	1
NC_003977.2	1398	1
NC_003977.2	1399	1
NC_003977.2	1400	1
NC_003977.2	1401	1
NC_003977.2	1402	1
NC_003977.2	1403	1
NC_003977.2	1404	1
NC_003977.2	1405	1
NC_003977.2	1406	1
NC_003977.2	1407	1
NC_003977.2	1408	1
NC_003977.2	1409	1
NC_003977.2	1410	1
NC_003977.2	1411	1
NC_003977.2	1412	1
NC_003977.2	1413	1
NC_003977.2	1414	1
NC_003977.2	1415	1
NC_003977.2	1416	1
NC_003977.2	1417	1
NC_003977.2	1418	1
NC_003977.2	1419	1
NC_003977.2	1420	1
NC_003977.2	1421	1
NC_003977.2	1422	1
NC_003977.2	1423	1
NC_003977.2	1424	1
NC_003977.2	1425	1
NC_003977.2	1426	1
NC_003977.2	1427	1
NC_003977.2	1428	1
NC_003977.2	1429	1
NC_003977.2	1430	1
NC_003977.2	1431	1
NC_003977.2	1432	1
NC_003977.2	1433	1
NC_003977.2	1434	1
NC_003977.2	1435	1
NC_003977.2	1436	1
NC_003977.2	1437	1
NC_003977.2	1438	1
NC_003977.2	1439	1
NC_003977.2	1440	1
NC_003977.2	1441	1
NC_003977.2	1442	1
NC_003977.2	1443	1
NC_003977.2	1444	1
NC_003977.2	1445	1
NC_003977.2	1446	1
NC_003977.2	1447	1
NC_003977.2	1448	1
NC_003977.2	1449	1
NC_003977.2	1450	1
NC_003977.2	1451	1
NC_003977.2	1452	1
NC_003977.2	1453	1
NC_003977.2	1454	1
NC_003977.2	1455	1
NC_003977.2	1456	1
NC_003977.2	1457	1
NC_003977.2	1458	1
NC_003977.2	1459	1
NC_003977.2	1460	1
NC_003977.2	1461	1
NC_003977.2	1462	1
NC_003977.2	1463	1
NC_003977.2	1464	1
NC_003977.2	1465	1
NC_003977.2	1466	1
NC_003977.2	1467	1
NC_003977.2	1468	1
NC_003977.2	1469	1
NC_003977.2	1470	1
NC_003977.2	1471	1
NC_003977.2	1472	1
NC_003977.2	1473	1
NC_003977.2	1474	1
NC_003977.2	1475	1
NC_003977.2	1476	1
NC_003977.2	1477	2
NC_003977.2	1478	2
NC_003977.2	1479	2
NC_003977.2	1480	2
NC_003977.2	1481	2
NC_003977.2	1482	2
NC_003977.2	1483	2
NC_003977.2	1484	2
NC_003977.2	1485	2
NC_003977.2	1486	2
NC_003977.2	1487	2
NC_003977.2	1488	2
NC_003977.2	1489	2
NC_003977.2	1490	2
NC_003977.2	1491	2
NC_003977.2	1492	2
NC_003977.2	1493	2
NC_003977.2	1494	2
NC_003977.2	1495	2
NC_003977.2	1496	2
NC_003977.2	1497	2
NC_003977.2	1498	2
NC_003977.2	1499	2
NC_003977.2	1500	2
NC_003977.2	1501	2
NC_003977.2	1502	2
NC_003977.2	1503	2
NC_003977.2	1504	2
NC_003977.2	1505	2
NC_003977.2	1506	2
NC_003977.2	1507	2
NC_003977.2	1508	2
NC_003977.2	1509	2
NC_003977.2	1510	2
NC_003977.2	1511	2
NC_003977.2	1512	2
NC_003977.2	1513	2
NC_003977.2	1514	2
NC_003977.2	1515	2
NC_003977.2	1516	2
NC_003977.2	1517	1
NC_003977.2	1518	1
NC_003977.2	1519	1
NC_003977.2	1520	1
NC_003977.2	1521	1
NC_003977.2	1522	1
NC_003977.2	1523	1
NC_003977.2	1524	1
NC_003977.2	1525	1
NC_003977.2	1526	1
NC_003977.2	1527	1
NC_003977.2	1528	1
NC_003977.2	1529	1
NC_003977.2	1530	1
NC_003977.2	1531	1
NC_003977.2	1532	1
NC_003977.2	1533	1
NC_003977.2	1534	1
NC_003977.2	1535	1
NC_003977.2	1536	1
NC_003977.2	1537	1
NC_003977.2	1538	1
NC_003977.2	1539	1
NC_003977.2	1540	1
NC_003977.2	1541	1
NC_003977.2	1542	1
NC_003977.2	1543	1
NC_003977.2	1544	1
NC_003977.2	1545	1
NC_003977.2	1546	1
NC_003977.2	1547	1
NC_003977.2	1548	1
NC_003977.2	1549	1
NC_003977.2	1550	1
NC_003977.2	1551	1
NC_003977.2	1552	1
NC_003977.2	1553	1
NC_003977.2	1554	1
NC_003977.2	1555	1
NC_003977.2	1556	1
NC_003977.2	1557	1
NC_003977.2	1558	1
NC_003977.2	1559	1
NC_003977.2	1560	1
NC_003977.2	1561	1
NC_003977.2	1562	1
NC_003977.2	1563	1
NC_003977.2	1564	1
NC_003977.2	1565	1
NC_003977.2	1566	1
NC_003977.2	1567	1
NC_003977.2	1568	1
NC_003977.2	1569	1
NC_003977.2	1570	1
NC_003977.2	1571	1
NC_003977.2	1572	2
NC_003977.2	1573	2
NC_003977.2	1574	2
NC_003977.2	1575	2
NC_003977.2	1576	2
NC_003977.2	1577	2
NC_003977.2	1578	2
NC_003977.2	1579	2
NC_003977.2	1580	2
NC_003977.2	1581	2
NC_003977.2	1582	2
NC_003977.2	1583	2
NC_003977.2	1584	2
NC_003977.2	1585	2
NC_003977.2	1586	2
NC_003977.2	1587	2
NC_003977.2	1588	2
NC_003977.2	1589	2
NC_003977.2	1590	2
NC_003977.2	1591	2
NC_003977.2	1592	2
NC_003977.2	1593	2
NC_003977.2	1594	2
NC_003977.2	1595	2
NC_003977.2	1596	2
NC_003977.2	1597	2
NC_003977.2	1598	1
NC_003977.2	1599	1
NC_003977.2	1600	1
NC_003977.2	1601	1
NC_003977.2	1602	1
NC_003977.2	1603	1
NC_003977.2	1604	1
NC_003977.2	1605	1
NC_003977.2	1606	1
NC_003977.2	1607	1
NC_003977.2	1608	1
NC_003977.2	1609	1
NC_003977.2	1610	1
NC_003977.2	1611	1
NC_003977.2	1612	2
NC_003977.2	1613	2
NC_003977.2	1614	2
NC_003977.2	1615	2
NC_003977.2	1616	2
NC_003977.2	1617	2
NC_003977.2	1618	2
NC_003977.2	1619	2
NC_003977.2	1620	2
NC_003977.2	1621	2
NC_003977.2	1622	2
NC_003977.2	1623	2
NC_003977.2	1624	2
NC_003977.2	1625	2
NC_003977.2	1626	2
NC_003977.2	1627	2
NC_003977.2	1628	2
NC_003977.2	1629	2
NC_003977.2	1630	2
NC_003977.2	1631	2
NC_003977.2	1632	2
NC_003977.2	1633	2
NC_003977.2	1634	2
NC_003977.2	1635	2
NC_003977.2	1636	2
NC_003977.2	1637	2
NC_003977.2	1638	2
NC_003977.2	1639	2
NC_003977.2	1640	2
NC_003977.2	1641	2
NC_003977.2	1642	2
NC_003977.2	1643	2
NC_003977.2	1644	2
NC_003977.2	1645	2
NC_003977.2	1646	2
NC_003977.2	1647	2
NC_003977.2	1648	2
NC_003977.2	1649	2
NC_003977.2	1650	2
NC_003977.2	1651	2
NC_003977.2	1652	2
NC_003977.2	1653	2
NC_003977.2	1654	2
NC_003977.2	1655	2
NC_003977.2	1656	2
NC_003977.2	1657	2
NC_003977.2	1658	2
NC_003977.2	1659	2
NC_003977.2	1660	2
NC_003977.2	1661	2
NC_003977.2	1662	2
NC_003977.2	1663	2
NC_003977.2	1664	2
NC_003977.2	1665	2
NC_003977.2	1666	2
NC_003977.2	1667	2
NC_003977.2	1668	2
NC_003977.2	1669	2
NC_003977.2	1670	2
NC_003977.2	1671	2
NC_003977.2	1672	2
NC_003977.2	1673	2
NC_003977.2	1674	2
NC_003977.2	1675	2
NC_003977.2	1676	2
NC_003977.2	1677	2
NC_003977.2	1678	2
NC_003977.2	1679	2
NC_003977.2	1680	2
NC_003977.2	1681	2
NC_003977.2	1682	2
NC_003977.2	1683	2
NC_003977.2	1684	2
NC_003977.2	1685	2
NC_003977.2	1686	2
NC_003977.2	1687	2
NC_003977.2	1688	2
NC_003977.2	1689	2
NC_003977.2	1690	2
NC_003977.2	1691	2
NC_003977.2	1692	2
NC_003977.2	1693	2
NC_003977.2	1694	1
NC_003977.2	1695	1
NC_003977.2	1696	1
NC_003977.2	1697	1
NC_003977.2	1698	1
NC_003977.2	1699	1
NC_003977.2	1700	1
NC_003977.2	1701	1
NC_003977.2	1702	1
NC_003977.2	1703	1
NC_003977.2	1704	1
NC_003977.2	1705	1
NC_003977.2	1706	1
NC_003977.2	1707	1
NC_003977.2	1708	1
NC_003977.2	1709	1
NC_003977.2	1710	1
NC_003977.2	1711	1
NC_003977.2	1712	1
NC_003977.2	1713	1
NC_003977.2	1714	1
NC_003977.2	1715	1
NC_003977.2	1716	1
NC_003977.2	1717	1
NC_003977.2	1718	1
NC_003977.2	1719	1
NC_003977.2	1720	1
NC_003977.2	1721	1
NC_003977.2	1722	1
NC_003977.2	1723	1
NC_003977.2	1724	1
NC_003977.2	1725	1
NC_003977.2	1726	1
NC_003977.2	1727	1
NC_003977.2	1728	1
NC_003977.2	1729	1
NC_003977.2	1730	1
NC_003977.2	1731	1
NC_003977.2	1732	1
NC_003977.2	1988	1
NC_003977.2	1989	1
NC_003977.2	1990	1
NC_003977.2	1991	1
NC_003977.2	1992	1
NC_003977.2	1993	1
NC_003977.2	1994	1
NC_003977.2	1995	1
NC_003977.2	1996	1
NC_003977.2	1997	1
NC_003977.2	1998	1
NC_003977.2	1999	1
NC_003977.2	2000	1
NC_003977.2	2001	1
NC_003977.2	2002	2
NC_003977.2	2003	2
NC_003977.2	2004	2
NC_003977.2	2005	2
NC_003977.2	2006	2
NC_003977.2	2007	2
NC_003977.2	2008	2
NC_003977.2	2009	3
NC_003977.2	2010	3
NC_003977.2	2011	3
NC_003977.2	2012	3
NC_003977.2	2013	3
NC_003977.2	2014	3
NC_003977.2	2015	3
NC_003977.2	2016	3
NC_003977.2	2017	3
NC_003977.2	2018	3
NC_003977.2	2019	3
NC_003977.2	2020	3
NC_003977.2	2021	3
NC_003977.2	2022	3
NC_003977.2	2023	3
NC_003977.2	2024	3
NC_003977.2	2025	3
NC_003977.2	2026	3
NC_003977.2	2027	3
NC_003977.2	2028	3
NC_003977.2	2029	3
NC_003977.2	2030	3
NC_003977.2	2031	3
NC_003977.2	2032	3
NC_003977.2	2033	2
NC_003977.2	2034	2
NC_003977.2	2035	2
NC_003977.2	2036	2
NC_003977.2	2037	2
NC_003977.2	2038	2
NC_003977.2	2039	2
NC_003977.2	2040	2
NC_003977.2	2041	2
NC_003977.2	2042	1
NC_003977.2	2043	1
NC_003977.2	2044	1
NC_003977.2	2045	1
NC_003977.2	2046	1
NC_003977.2	2047	1
NC_003977.2	2048	1
NC_003977.2	2049	1
NC_003977.2	2050	1
NC_003977.2	2051	1
NC_003977.2	2052	1
NC_003977.2	2053	1
NC_003977.2	2054	1
NC_003977.2	2055	1
NC_003977.2	2056	1
NC_003977.2	2057	1
NC_003977.2	2058	1
NC_003977.2	2059	1
NC_003977.2	2060	1
NC_003977.2	2061	1
NC_003977.2	2062	1
NC_003977.2	2063	1
NC_003977.2	2064	1
NC_003977.2	2065	1
NC_003977.2	2066	1
NC_003977.2	2067	1
NC_003977.2	2068	1
NC_003977.2	2069	1
NC_003977.2	2070	1
NC_003977.2	2071	1
NC_003977.2	2072	1
NC_003977.2	2073	1
NC_003977.2	2074	1
NC_003977.2	2075	1
NC_003977.2	2076	1
NC_003977.2	2077	1
NC_003977.2	2078	1
NC_003977.2	2079	1
NC_003977.2	2080	2
NC_003977.2	2081	2
NC_003977.2	2082	2
NC_003977.2	2083	2
NC_003977.2	2084	2
NC_003977.2	2085	2
NC_003977.2	2086	2
NC_003977.2	2087	2
NC_003977.2	2088	2
NC_003977.2	2089	2
NC_003977.2	2090	2
NC_003977.2	2091	2
NC_003977.2	2092	2
NC_003977.2	2093	2
NC_003977.2	2094	2
NC_003977.2	2095	2
NC_003977.2	2096	2
NC_003977.2	2097	2
NC_003977.2	2098	2
NC_003977.2	2099	2
NC_003977.2	2100	2
NC_003977.2	2101	2
NC_003977.2	2102	2
NC_003977.2	2103	2
NC_003977.2	2104	2
NC_003977.2	2105	2
NC_003977.2	2106	2
NC_003977.2	2107	2
NC_003977.2	2108	2
NC_003977.2	2109	2
NC_003977.2	2110	2
NC_003977.2	2111	2
NC_003977.2	2112	2
NC_003977.2	2113	2
NC_003977.2	2114	2
NC_003977.2	2115	2
NC_003977.2	2116	2
NC_003977.2	2117	2
NC_003977.2	2118	2
NC_003977.2	2119	2
NC_003977.2	2120	2
NC_003977.2	2121	2
NC_003977.2	2122	2
NC_003977.2	2123	2
NC_003977.2	2124	2
NC_003977.2	2125	2
NC_003977.2	2126	2
NC_003977.2	2127	2
NC_003977.2	2128	2
NC_003977.2	2129	2
NC_003977.2	2130	2
NC_003977.2	2131	1
NC_003977.2	2132	1
NC_003977.2	2133	1
NC_003977.2	2134	1
NC_003977.2	2135	1
NC_003977.2	2136	1
NC_003977.2	2137	1
NC_003977.2	2138	1
NC_003977.2	2139	1
NC_003977.2	2140	1
NC_003977.2	2141	1
NC_003977.2	2142	1
NC_003977.2	2143	1
NC_003977.2	2144	1
NC_003977.2	2145	1
NC_003977.2	2146	1
NC_003977.2	2147	1
NC_003977.2	2148	1
NC_003977.2	2149	1
NC_003977.2	2150	1
NC_003977.2	2151	1
NC_003977.2	2152	1
NC_003977.2	2153	1
NC_003977.2	2154	1
NC_003977.2	2155	1
NC_003977.2	2156	1
NC_003977.2	2157	1
NC_003977.2	2158	1
NC_003977.2	2159	1
NC_003977.2	2160	1
NC_003977.2	2161	1
NC_003977.2	2162	1
NC_003977.2	2163	1
NC_003977.2	2164	1
NC_003977.2	2165	1
NC_003977.2	2166	1
NC_003977.2	2167	1
NC_003977.2	2168	1
NC_003977.2	2169	1
NC_003977.2	2170	1
NC_003977.2	2171	1
NC_003977.2	2172	1
NC_003977.2	2173	1
NC_003977.2	2174	1
NC_003977.2	2175	1
NC_003977.2	2176	1
NC_003977.2	2177	1
NC_003977.2	2178	1
NC_003977.2	2179	1
NC_003977.2	2180	1
NC_003977.2	2181	1
NC_003977.2	2182	1
NC_003977.2	2183	1
NC_003977.2	2184	1
NC_003977.2	2185	1
NC_003977.2	2186	1
NC_003977.2	2187	1
NC_003977.2	2188	1
NC_003977.2	2189	1
NC_003977.2	2190	1
NC_003977.2	2191	1
NC_003977.2	2192	1
NC_003977.2	2193	1
NC_003977.2	2194	1
NC_003977.2	2195	1
NC_003977.2	2196	1
NC_003977.2	2197	1
NC_003977.2	2198	1
NC_003977.2	2199	1
NC_003977.2	2375	6
NC_003977.2	2376	8
NC_003977.2	2377	96
NC_003977.2	2378	192
NC_003977.2	2379	206
NC_003977.2	2380	209
NC_003977.2	2381	211
NC_003977.2	2382	215
NC_003977.2	2383	220
NC_003977.2	2384	221
NC_003977.2	2385	223
NC_003977.2	2386	229
NC_003977.2	2387	230
NC_003977.2	2388	235
NC_003977.2	2389	235
NC_003977.2	2390	238
NC_003977.2	2391	254
NC_003977.2	2392	260
NC_003977.2	2393	312
NC_003977.2	2394	319
NC_003977.2	2395	328
NC_003977.2	2396	330
NC_003977.2	2397	337
NC_003977.2	2398	253
NC_003977.2	2399	270
NC_003977.2	2400	301
NC_003977.2	2401	342
NC_003977.2	2402	502
NC_003977.2	2403	527
NC_003977.2	2404	556
NC_003977.2	2405	572
NC_003977.2	2406	638
NC_003977.2	2407	706
NC_003977.2	2408	788
NC_003977.2	2409	795
NC_003977.2	2410	885
NC_003977.2	2411	948
NC_003977.2	2412	1031
NC_003977.2	2413	1102
NC_003977.2	2414	1117
NC_003977.2	2415	1240
NC_003977.2	2416	1253
NC_003977.2	2417	1307
NC_003977.2	2418	1313
NC_003977.2	2419	1327
NC_003977.2	2420	1334
NC_003977.2	2421	1548
NC_003977.2	2422	1676
NC_003977.2	2423	1709
NC_003977.2	2424	1771
NC_003977.2	2425	1770
NC_003977.2	2426	1826
NC_003977.2	2427	1833
NC_003977.2	2428	1877
NC_003977.2	2429	1913
NC_003977.2	2430	1929
NC_003977.2	2431	1943
NC_003977.2	2432	1954
NC_003977.2	2433	1960
NC_003977.2	2434	1971
NC_003977.2	2435	2023
NC_003977.2	2436	2061
NC_003977.2	2437	2225
NC_003977.2	2438	2229
NC_003977.2	2439	2262
NC_003977.2	2440	2294
NC_003977.2	2441	2287
NC_003977.2	2442	2310
NC_003977.2	2443	2322
NC_003977.2	2444	2353
NC_003977.2	2445	2458
NC_003977.2	2446	2587
NC_003977.2	2447	2624
NC_003977.2	2448	2609
NC_003977.2	2449	2613
NC_003977.2	2450	2616
NC_003977.2	2451	2646
NC_003977.2	2452	2691
NC_003977.2	2453	2729
NC_003977.2	2454	2755
NC_003977.2	2455	2763
NC_003977.2	2456	2810
NC_003977.2	2457	2800
NC_003977.2	2458	2851
NC_003977.2	2459	2894
NC_003977.2	2460	2945
NC_003977.2	2461	3119
NC_003977.2	2462	3218
NC_003977.2	2463	3282
NC_003977.2	2464	3298
NC_003977.2	2465	3404
NC_003977.2	2466	3402
NC_003977.2	2467	3519
NC_003977.2	2468	3631
NC_003977.2	2469	3813
NC_003977.2	2470	3945
NC_003977.2	2471	4032
NC_003977.2	2472	4048
NC_003977.2	2473	4154
NC_003977.2	2474	4162
NC_003977.2	2475	4206
NC_003977.2	2476	4257
NC_003977.2	2477	4488
NC_003977.2	2478	4585
NC_003977.2	2479	4584
NC_003977.2	2480	4572
NC_003977.2	2481	4533
NC_003977.2	2482	4576
NC_003977.2	2483	4645
NC_003977.2	2484	4699
NC_003977.2	2485	4929
NC_003977.2	2486	4951
NC_003977.2	2487	5021
NC_003977.2	2488	5043
NC_003977.2	2489	5061
NC_003977.2	2490	5047
NC_003977.2	2491	5098
NC_003977.2	2492	5146
NC_003977.2	2493	5218
NC_003977.2	2494	5241
NC_003977.2	2495	5273
NC_003977.2	2496	5258
NC_003977.2	2497	5285
NC_003977.2	2498	5394
NC_003977.2	2499	5417
NC_003977.2	2500	5509
NC_003977.2	2501	5558
NC_003977.2	2502	5536
NC_003977.2	2503	5683
NC_003977.2	2504	5656
NC_003977.2	2505	5619
NC_003977.2	2506	5609
NC_003977.2	2507	5640
NC_003977.2	2508	5724
NC_003977.2	2509	5784
NC_003977.2	2510	5940
NC_003977.2	2511	5989
NC_003977.2	2512	6014
NC_003977.2	2513	6111
NC_003977.2	2514	6101
NC_003977.2	2515	6165
NC_003977.2	2516	6311
NC_003977.2	2517	6325
NC_003977.2	2518	6506
NC_003977.2	2519	6473
NC_003977.2	2520	6511
NC_003977.2	2521	6736
NC_003977.2	2522	6810
NC_003977.2	2523	7009
NC_003977.2	2524	7018
NC_003977.2	2525	7030
NC_003977.2	2526	7124
NC_003977.2	2527	7135
NC_003977.2	2528	7096
NC_003977.2	2529	7100
NC_003977.2	2530	7071
NC_003977.2	2531	6996
NC_003977.2	2532	7175
NC_003977.2	2533	7231
NC_003977.2	2534	7465
NC_003977.2	2535	7457
NC_003977.2	2536	7429
NC_003977.2	2537	7368
NC_003977.2	2538	7339
NC_003977.2	2539	7330
NC_003977.2	2540	7364
NC_003977.2	2541	7434
NC_003977.2	2542	7427
NC_003977.2	2543	7287
NC_003977.2	2544	7306
NC_003977.2	2545	7228
NC_003977.2	2546	7299
NC_003977.2	2547	7306
NC_003977.2	2548	7377
NC_003977.2	2549	7402
NC_003977.2	2550	7408
NC_003977.2	2551	7437
NC_003977.2	2552	7439
NC_003977.2	2553	7488
NC_003977.2	2554	7494
NC_003977.2	2555	7490
NC_003977.2	2556	7586
NC_003977.2	2557	7635
NC_003977.2	2558	7751
NC_003977.2	2559	7875
NC_003977.2	2560	7955
NC_003977.2	2561	7942
NC_003977.2	2562	7931
NC_003977.2	2563	7923
NC_003977.2	2564	8032
NC_003977.2	2565	8130
NC_003977.2	2566	8272
NC_003977.2	2567	8291
NC_003977.2	2568	8367
NC_003977.2	2569	8535
NC_003977.2	2570	8530
NC_003977.2	2571	8640
NC_003977.2	2572	8614
NC_003977.2	2573	8653
NC_003977.2	2574	8977
NC_003977.2	2575	8994
NC_003977.2	2576	9015
NC_003977.2	2577	9033
NC_003977.2	2578	9036
NC_003977.2	2579	9004
NC_003977.2	2580	9154
NC_003977.2	2581	9158
NC_003977.2	2582	9230
NC_003977.2	2583	9197
NC_003977.2	2584	9147
NC_003977.2	2585	9178
NC_003977.2	2586	9273
NC_003977.2	2587	9187
NC_003977.2	2588	9200
NC_003977.2	2589	8995
NC_003977.2	2590	8930
NC_003977.2	2591	8819
NC_003977.2	2592	8914
NC_003977.2	2593	8716
NC_003977.2	2594	8825
NC_003977.2	2595	8816
NC_003977.2	2596	8790
NC_003977.2	2597	8706
NC_003977.2	2598	8717
NC_003977.2	2599	8599
NC_003977.2	2600	8614
NC_003977.2	2601	8736
NC_003977.2	2602	8746
NC_003977.2	2603	8754
NC_003977.2	2604	8749
NC_003977.2	2605	8723
NC_003977.2	2606	8670
NC_003977.2	2607	8552
NC_003977.2	2608	8580
NC_003977.2	2609	8776
NC_003977.2	2610	8785
NC_003977.2	2611	8992
NC_003977.2	2612	8982
NC_003977.2	2613	9028
NC_003977.2	2614	8965
NC_003977.2	2615	8994
NC_003977.2	2616	9036
NC_003977.2	2617	8918
NC_003977.2	2618	8944
NC_003977.2	2619	8915
NC_003977.2	2620	9087
NC_003977.2	2621	9100
NC_003977.2	2622	9145
NC_003977.2	2623	9113
NC_003977.2	2624	9164
NC_003977.2	2625	8991
NC_003977.2	2626	9216
NC_003977.2	2627	9247
NC_003977.2	2628	9476
NC_003977.2	2629	9508
NC_003977.2	2630	9449
NC_003977.2	2631	9425
NC_003977.2	2632	9316
NC_003977.2	2633	9196
NC_003977.2	2634	9168
NC_003977.2	2635	9136
NC_003977.2	2636	9134
NC_003977.2	2637	9198
NC_003977.2	2638	9244
NC_003977.2	2639	9243
NC_003977.2	2640	9174
NC_003977.2	2641	9215
NC_003977.2	2642	9301
NC_003977.2	2643	9113
NC_003977.2	2644	9122
NC_003977.2	2645	8925
NC_003977.2	2646	9043
NC_003977.2	2647	9061
NC_003977.2	2648	9176
NC_003977.2	2649	9160
NC_003977.2	2650	9145
NC_003977.2	2651	9130
NC_003977.2	2652	9097
NC_003977.2	2653	9233
NC_003977.2	2654	9038
NC_003977.2	2655	9026
NC_003977.2	2656	8912
NC_003977.2	2657	8888
NC_003977.2	2658	8893
NC_003977.2	2659	8915
NC_003977.2	2660	9019
NC_003977.2	2661	8915
NC_003977.2	2662	8973
NC_003977.2	2663	8927
NC_003977.2	2664	8974
NC_003977.2	2665	8983
NC_003977.2	2666	8937
NC_003977.2	2667	8928
NC_003977.2	2668	8804
NC_003977.2	2669	8837
NC_003977.2	2670	8812
NC_003977.2	2671	8770
NC_003977.2	2672	8756
NC_003977.2	2673	8629
NC_003977.2	2674	8786
NC_003977.2	2675	8752
NC_003977.2	2676	8762
NC_003977.2	2677	8745
NC_003977.2	2678	8694
NC_003977.2	2679	8599
NC_003977.2	2680	8518
NC_003977.2	2681	8420
NC_003977.2	2682	8258
NC_003977.2	2683	8299
NC_003977.2	2684	8291
NC_003977.2	2685	8455
NC_003977.2	2686	8361
NC_003977.2	2687	8281
NC_003977.2	2688	8159
NC_003977.2	2689	8078
NC_003977.2	2690	8150
NC_003977.2	2691	8025
NC_003977.2	2692	8120
NC_003977.2	2693	8129
NC_003977.2	2694	8131
NC_003977.2	2695	8149
NC_003977.2	2696	7821
NC_003977.2	2697	7947
NC_003977.2	2698	7905
NC_003977.2	2699	7912
NC_003977.2	2700	7900
NC_003977.2	2701	7938
NC_003977.2	2702	8025
NC_003977.2	2703	8000
NC_003977.2	2704	7872
NC_003977.2	2705	7808
NC_003977.2	2706	7859
NC_003977.2	2707	7793
NC_003977.2	2708	7983
NC_003977.2	2709	8041
NC_003977.2	2710	8263
NC_003977.2	2711	8389
NC_003977.2	2712	8371
NC_003977.2	2713	8307
NC_003977.2	2714	8226
NC_003977.2	2715	8273
NC_003977.2	2716	8304
NC_003977.2	2717	8361
NC_003977.2	2718	8435
NC_003977.2	2719	8439
NC_003977.2	2720	8662
NC_003977.2	2721	8473
NC_003977.2	2722	8596
NC_003977.2	2723	8612
NC_003977.2	2724	8628
NC_003977.2	2725	8840
NC_003977.2	2726	8800
NC_003977.2	2727	8841
NC_003977.2	2728	8788
NC_003977.2	2729	8552
NC_003977.2	2730	8618
NC_003977.2	2731	8620
NC_003977.2	2732	8684
NC_003977.2	2733	8675
NC_003977.2	2734	8706
NC_003977.2	2735	8691
NC_003977.2	2736	8625
NC_003977.2	2737	8460
NC_003977.2	2738	8623
NC_003977.2	2739	8526
NC_003977.2	2740	8490
NC_003977.2	2741	8473
NC_003977.2	2742	8496
NC_003977.2	2743	8421
NC_003977.2	2744	8441
NC_003977.2	2745	8528
NC_003977.2	2746	8418
NC_003977.2	2747	8122
NC_003977.2	2748	8117
NC_003977.2	2749	7954
NC_003977.2	2750	8050
NC_003977.2	2751	7990
NC_003977.2	2752	7990
NC_003977.2	2753	8058
NC_003977.2	2754	8030
NC_003977.2	2755	8075
NC_003977.2	2756	8047
NC_003977.2	2757	8151
NC_003977.2	2758	8134
NC_003977.2	2759	8019
NC_003977.2	2760	8070
NC_003977.2	2761	8014
NC_003977.2	2762	7930
NC_003977.2	2763	7903
NC_003977.2	2764	7714
NC_003977.2	2765	8152
NC_003977.2	2766	8128
NC_003977.2	2767	8325
NC_003977.2	2768	8336
NC_003977.2	2769	8288
NC_003977.2	2770	8279
NC_003977.2	2771	8308
NC_003977.2	2772	8296
NC_003977.2	2773	8233
NC_003977.2	2774	8279
NC_003977.2	2775	8242
NC_003977.2	2776	8562
NC_003977.2	2777	8564
NC_003977.2	2778	8774
NC_003977.2	2779	8815
NC_003977.2	2780	8854
NC_003977.2	2781	8920
NC_003977.2	2782	8884
NC_003977.2	2783	8948
NC_003977.2	2784	8927
NC_003977.2	2785	8846
NC_003977.2	2786	8869
NC_003977.2	2787	8911
NC_003977.2	2788	8953
NC_003977.2	2789	9092
NC_003977.2	2790	9304
NC_003977.2	2791	9391
NC_003977.2	2792	9381
NC_003977.2	2793	9760
NC_003977.2	2794	9755
NC_003977.2	2795	9859
NC_003977.2	2796	10133
NC_003977.2	2797	10124
NC_003977.2	2798	10533
NC_003977.2	2799	10540
NC_003977.2	2800	10664
NC_003977.2	2801	10666
NC_003977.2	2802	10735
NC_003977.2	2803	10978
NC_003977.2	2804	11115
NC_003977.2	2805	11130
NC_003977.2	2806	11188
NC_003977.2	2807	11099
NC_003977.2	2808	11342
NC_003977.2	2809	11575
NC_003977.2	2810	11589
NC_003977.2	2811	11653
NC_003977.2	2812	11520
NC_003977.2	2813	11550
NC_003977.2	2814	11735
NC_003977.2	2815	11840
NC_003977.2	2816	11968
NC_003977.2	2817	12080
NC_003977.2	2818	12087
NC_003977.2	2819	11969
NC_003977.2	2820	11990
NC_003977.2	2821	12108
NC_003977.2	2822	12101
NC_003977.2	2823	12176
NC_003977.2	2824	11986
NC_003977.2	2825	12072
NC_003977.2	2826	12129
NC_003977.2	2827	12335
NC_003977.2	2828	12347
NC_003977.2	2829	12684
NC_003977.2	2830	12469
NC_003977.2	2831	12435
NC_003977.2	2832	12272
NC_003977.2	2833	12131
NC_003977.2	2834	12256
NC_003977.2	2835	12265
NC_003977.2	2836	12401
NC_003977.2	2837	12420
NC_003977.2	2838	12340
NC_003977.2	2839	12291
NC_003977.2	2840	12506
NC_003977.2	2841	12794
NC_003977.2	2842	12564
NC_003977.2	2843	12587
NC_003977.2	2844	12503
NC_003977.2	2845	12719
NC_003977.2	2846	12663
NC_003977.2	2847	12651
NC_003977.2	2848	12798
NC_003977.2	2849	12761
NC_003977.2	2850	12808
NC_003977.2	2851	12906
NC_003977.2	2852	12771
NC_003977.2	2853	12928
NC_003977.2	2854	12996
NC_003977.2	2855	12921
NC_003977.2	2856	13034
NC_003977.2	2857	13002
NC_003977.2	2858	13083
NC_003977.2	2859	13413
NC_003977.2	2860	13624
NC_003977.2	2861	13647
NC_003977.2	2862	13892
NC_003977.2	2863	13873
NC_003977.2	2864	13961
NC_003977.2	2865	13918
NC_003977.2	2866	13904
NC_003977.2	2867	13958
NC_003977.2	2868	13921
NC_003977.2	2869	14009
NC_003977.2	2870	13814
NC_003977.2	2871	13841
NC_003977.2	2872	14138
NC_003977.2	2873	14210
NC_003977.2	2874	14257
NC_003977.2	2875	14244
NC_003977.2	2876	14196
NC_003977.2	2877	14227
NC_003977.2	2878	14081
NC_003977.2	2879	14213
NC_003977.2	2880	14302
NC_003977.2	2881	14424
NC_003977.2	2882	14355
NC_003977.2	2883	14559
NC_003977.2	2884	14587
NC_003977.2	2885	14619
NC_003977.2	2886	14643
NC_003977.2	2887	14329
NC_003977.2	2888	14132
NC_003977.2	2889	14352
NC_003977.2	2890	14264
NC_003977.2	2891	14326
NC_003977.2	2892	14272
NC_003977.2	2893	14231
NC_003977.2	2894	14352
NC_003977.2	2895	14524
NC_003977.2	2896	14670
NC_003977.2	2897	14586
NC_003977.2	2898	14166
NC_003977.2	2899	14288
NC_003977.2	2900	14005
NC_003977.2	2901	13973
NC_003977.2	2902	14002
NC_003977.2	2903	14091
NC_003977.2	2904	14359
NC_003977.2	2905	14251
NC_003977.2	2906	14269
NC_003977.2	2907	14350
NC_003977.2	2908	14367
NC_003977.2	2909	14452
NC_003977.2	2910	14469
NC_003977.2	2911	14356
NC_003977.2	2912	14232
NC_003977.2	2913	14096
NC_003977.2	2914	14165
NC_003977.2	2915	13874
NC_003977.2	2916	13964
NC_003977.2	2917	13678
NC_003977.2	2918	13836
NC_003977.2	2919	13632
NC_003977.2	2920	13722
NC_003977.2	2921	13811
NC_003977.2	2922	13943
NC_003977.2	2923	13939
NC_003977.2	2924	14049
NC_003977.2	2925	14019
NC_003977.2	2926	13993
NC_003977.2	2927	14020
NC_003977.2	2928	13943
NC_003977.2	2929	13928
NC_003977.2	2930	13746
NC_003977.2	2931	13797
NC_003977.2	2932	13858
NC_003977.2	2933	13850
NC_003977.2	2934	13986
NC_003977.2	2935	13924
NC_003977.2	2936	13897
NC_003977.2	2937	13997
NC_003977.2	2938	13713
NC_003977.2	2939	13904
NC_003977.2	2940	13945
NC_003977.2	2941	13939
NC_003977.2	2942	13938
NC_003977.2	2943	13827
NC_003977.2	2944	13847
NC_003977.2	2945	13744
NC_003977.2	2946	13751
NC_003977.2	2947	13551
NC_003977.2	2948	13612
NC_003977.2	2949	13514
NC_003977.2	2950	13182
NC_003977.2	2951	13135
NC_003977.2	2952	13111
NC_003977.2	2953	13173
NC_003977.2	2954	13275
NC_003977.2	2955	13346
NC_003977.2	2956	13191
NC_003977.2	2957	13224
NC_003977.2	2958	13132
NC_003977.2	2959	13030
NC_003977.2	2960	13007
NC_003977.2	2961	13025
NC_003977.2	2962	13026
NC_003977.2	2963	12827
NC_003977.2	2964	12746
NC_003977.2	2965	12752
NC_003977.2	2966	12758
NC_003977.2	2967	12900
NC_003977.2	2968	12805
NC_003977.2	2969	12830
NC_003977.2	2970	12672
NC_003977.2	2971	12628
NC_003977.2	2972	12739
NC_003977.2	2973	12756
NC_003977.2	2974	12652
NC_003977.2	2975	12734
NC_003977.2	2976	12802
NC_003977.2	2977	12719
NC_003977.2	2978	12566
NC_003977.2	2979	12702
NC_003977.2	2980	12705
NC_003977.2	2981	12518
NC_003977.2	2982	12298
NC_003977.2	2983	12279
NC_003977.2	2984	12016
NC_003977.2	2985	12067
NC_003977.2	2986	12052
NC_003977.2	2987	12266
NC_003977.2	2988	12308
NC_003977.2	2989	12117
NC_003977.2	2990	12308
NC_003977.2	2991	12200
NC_003977.2	2992	12160
NC_003977.2	2993	12179
NC_003977.2	2994	11972
NC_003977.2	2995	12099
NC_003977.2	2996	12047
NC_003977.2	2997	12068
NC_003977.2	2998	12233
NC_003977.2	2999	12172
NC_003977.2	3000	12216
NC_003977.2	3001	12118
NC_003977.2	3002	12110
NC_003977.2	3003	12060
NC_003977.2	3004	12024
NC_003977.2	3005	12262
NC_003977.2	3006	12361
NC_003977.2	3007	12426
NC_003977.2	3008	12433
NC_003977.2	3009	12437
NC_003977.2	3010	12324
NC_003977.2	3011	12452
NC_003977.2	3012	12431
NC_003977.2	3013	12309
NC_003977.2	3014	12342
NC_003977.2	3015	12360
NC_003977.2	3016	12350
NC_003977.2	3017	12186
NC_003977.2	3018	12137
NC_003977.2	3019	12136
NC_003977.2	3020	12226
NC_003977.2	3021	12165
NC_003977.2	3022	12188
NC_003977.2	3023	12078
NC_003977.2	3024	11974
NC_003977.2	3025	11823
NC_003977.2	3026	11803
NC_003977.2	3027	11771
NC_003977.2	3028	11905
NC_003977.2	3029	11872
NC_003977.2	3030	12108
NC_003977.2	3031	12149
NC_003977.2	3032	12385
NC_003977.2	3033	12370
NC_003977.2	3034	12321
NC_003977.2	3035	12357
NC_003977.2	3036	12345
NC_003977.2	3037	12419
NC_003977.2	3038	12519
NC_003977.2	3039	12467
NC_003977.2	3040	12420
NC_003977.2	3041	12269
NC_003977.2	3042	12045
NC_003977.2	3043	12172
NC_003977.2	3044	12347
NC_003977.2	3045	12624
NC_003977.2	3046	12578
NC_003977.2	3047	12529
NC_003977.2	3048	12422
NC_003977.2	3049	12395
NC_003977.2	3050	12473
NC_003977.2	3051	12382
NC_003977.2	3052	12327
NC_003977.2	3053	12316
NC_003977.2	3054	12460
NC_003977.2	3055	12623
NC_003977.2	3056	12580
NC_003977.2	3057	12642
NC_003977.2	3058	12459
NC_003977.2	3059	12078
NC_003977.2	3060	12307
NC_003977.2	3061	12461
NC_003977.2	3062	12510
NC_003977.2	3063	12569
NC_003977.2	3064	12503
NC_003977.2	3065	12489
NC_003977.2	3066	12498
NC_003977.2	3067	12647
NC_003977.2	3068	12801
NC_003977.2	3069	12900
NC_003977.2	3070	12906
NC_003977.2	3071	13075
NC_003977.2	3072	13055
NC_003977.2	3073	13184
NC_003977.2	3074	13318
NC_003977.2	3075	13490
NC_003977.2	3076	13618
NC_003977.2	3077	13572
NC_003977.2	3078	13626
NC_003977.2	3079	13671
NC_003977.2	3080	13578
NC_003977.2	3081	13740
NC_003977.2	3082	14008
NC_003977.2	3083	14052
NC_003977.2	3084	14066
NC_003977.2	3085	14122
NC_003977.2	3086	14232
NC_003977.2	3087	14321
NC_003977.2	3088	14589
NC_003977.2	3089	14571
NC_003977.2	3090	14561
NC_003977.2	3091	14675
NC_003977.2	3092	14651
NC_003977.2	3093	14602
NC_003977.2	3094	14559
NC_003977.2	3095	14633
NC_003977.2	3096	14637
NC_003977.2	3097	14570
NC_003977.2	3098	14536
NC_003977.2	3099	14618
NC_003977.2	3100	14588
NC_003977.2	3101	14645
NC_003977.2	3102	14662
NC_003977.2	3103	14591
NC_003977.2	3104	14654
NC_003977.2	3105	14568
NC_003977.2	3106	14519
NC_003977.2	3107	14451
NC_003977.2	3108	14316
NC_003977.2	3109	14345
NC_003977.2	3110	14367
NC_003977.2	3111	14401
NC_003977.2	3112	14309
NC_003977.2	3113	14313
NC_003977.2	3114	14370
NC_003977.2	3115	14279
NC_003977.2	3116	14280
NC_003977.2	3117	14188
NC_003977.2	3118	14186
NC_003977.2	3119	14218
NC_003977.2	3120	14013
NC_003977.2	3121	14010
NC_003977.2	3122	13935
NC_003977.2	3123	14034
NC_003977.2	3124	13931
NC_003977.2	3125	14005
NC_003977.2	3126	13871
NC_003977.2	3127	14549
NC_003977.2	3128	14067
NC_003977.2	3129	14071
NC_003977.2	3130	13871
NC_003977.2	3131	14004
NC_003977.2	3132	14050
NC_003977.2	3133	14050
NC_003977.2	3134	14098
NC_003977.2	3135	15641
NC_003977.2	3136	15522
NC_003977.2	3137	15593
NC_003977.2	3138	15525
NC_003977.2	3139	16107
NC_003977.2	3140	16162
NC_003977.2	3141	16096
NC_003977.2	3142	16049
NC_003977.2	3143	16169
NC_003977.2	3144	16382
NC_003977.2	3145	16377
NC_003977.2	3146	16519
NC_003977.2	3147	16755
NC_003977.2	3148	16497
NC_003977.2	3149	16484
NC_003977.2	3150	16110
NC_003977.2	3151	16073
NC_003977.2	3152	15929
NC_003977.2	3153	15868
NC_003977.2	3154	15500
NC_003977.2	3155	15424
NC_003977.2	3156	15271
NC_003977.2	3157	15228
NC_003977.2	3158	15211
NC_003977.2	3159	15035
NC_003977.2	3160	14879
NC_003977.2	3161	14697
NC_003977.2	3162	14523
NC_003977.2	3163	14328
NC_003977.2	3164	14112
NC_003977.2	3165	14008
NC_003977.2	3166	13997
NC_003977.2	3167	13617
NC_003977.2	3168	13586
NC_003977.2	3169	13416
NC_003977.2	3170	13340
NC_003977.2	3171	13338
NC_003977.2	3172	13190
NC_003977.2	3173	13145
NC_003977.2	3174	13041
NC_003977.2	3175	12414
NC_003977.2	3176	12296
NC_003977.2	3177	12168
NC_003977.2	3178	12080
NC_003977.2	3179	12069
NC_003977.2	3180	12025
NC_003977.2	3181	11996
NC_003977.2	3182	11730
