# [1]CHROM	[2]POS	[3]REF	[4]ALT	[5]AB		[6]ERR3316623:GT
NC_001806.2	9317	TGG	TG	0		1
NC_001806.2	9502	T	C	0		1
NC_001806.2	9598	T	C	0		1
NC_001806.2	9606	A	G	0		1
NC_001806.2	9662	T	C	0		1
NC_001806.2	9840	C	T	0		1
NC_001806.2	9923	C	T	0		1
NC_001806.2	9971	A	G	0		1
NC_001806.2	10007	C	A	0		1
NC_001806.2	10013	C	T	0		1
NC_001806.2	10186	C	T	0		1
NC_001806.2	10260	A	T	0		1
NC_001806.2	10302	G	A	0		1
NC_001806.2	10499	T	C	0		1
NC_001806.2	10722	A	G	0		1
NC_001806.2	10817	C	A	0		1
NC_001806.2	10841	C	T	0		1
NC_001806.2	10850	C	G	0		1
NC_001806.2	10913	T	C	0		1
NC_001806.2	11065	G	A	0		1
NC_001806.2	11122	T	G	0		1
NC_001806.2	11151	T	C	0		1
NC_001806.2	11164	G	A	0		1
NC_001806.2	11194	C	T	0		1
NC_001806.2	11677	CCAT	CCCGCGC	0		1
NC_001806.2	11771	AAGGG	AG	0		1
NC_001806.2	11781	G	T	0		1
NC_001806.2	11955	G	A	0		1
NC_001806.2	11965	G	A	0		1
NC_001806.2	12025	G	A	0		1
NC_001806.2	12079	C	T	0		1
NC_001806.2	12115	G	A	0		1
NC_001806.2	12118	G	A	0		1
NC_001806.2	13064	A	C	0		1
NC_001806.2	13441	G	A	0		1
NC_001806.2	13786	C	A	0		1
NC_001806.2	13975	G	T	0		1
NC_001806.2	14047	C	T	0		1
NC_001806.2	14149	G	C	0		1
NC_001806.2	14519	A	G	0		1
NC_001806.2	14650	T	C	0		1
NC_001806.2	14656	T	C	0		1
NC_001806.2	14933	T	C	0		1
NC_001806.2	15092	T	C	0		1
NC_001806.2	15175	G	T	0		1
NC_001806.2	15352	T	C	0		1
NC_001806.2	15388	C	T	0		1
NC_001806.2	15404	G	T	0		1
NC_001806.2	15502	C	T	0		1
NC_001806.2	15591	C	T	0		1
NC_001806.2	15593	T	A	0		1
NC_001806.2	15595	A	C	0		1
NC_001806.2	15907	C	T	0		1
NC_001806.2	15949	C	A	0		1
NC_001806.2	16009	C	T	0		1
NC_001806.2	16081	T	C	0		1
NC_001806.2	16210	C	T	0		1
NC_001806.2	16279	T	G	0		1
NC_001806.2	16468	A	G	0		1
NC_001806.2	16564	T	G	0		1
NC_001806.2	16666	C	T	0		1
NC_001806.2	16750	T	C	0		1
NC_001806.2	17528	C	T	0		1
NC_001806.2	17565	C	A	0		1
NC_001806.2	18025	G	A	0		1
NC_001806.2	18027	A	T	0		1
NC_001806.2	18034	G	T	0		1
NC_001806.2	18057	GT	AC	0		1
NC_001806.2	18108	G	T	0		1
NC_001806.2	18117	G	C	0		1
NC_001806.2	18135	G	A	0		1
NC_001806.2	18146	A	T	0		1
NC_001806.2	18196	T	G	0		1
NC_001806.2	18578	A	C	0		1
NC_001806.2	18624	T	C	0		1
NC_001806.2	18644	A	C	0		1
NC_001806.2	18693	T	G	0		1
NC_001806.2	18780	C	T	0		1
NC_001806.2	18795	T	G	0		1
NC_001806.2	18819	G	C	0		1
NC_001806.2	18859	C	A	0		1
NC_001806.2	18996	C	A	0		1
NC_001806.2	19041	T	C	0		1
NC_001806.2	19053	G	A	0		1
NC_001806.2	19079	T	C	0		1
NC_001806.2	19766	G	A	0		1
NC_001806.2	20626	C	G	0		1
NC_001806.2	20665	C	A	0		1
NC_001806.2	21028	C	T	0		1
NC_001806.2	21092	G	A	0		1
NC_001806.2	21122	T	C	0		1
NC_001806.2	21164	A	G	0		1
NC_001806.2	21236	T	C	0		1
NC_001806.2	21255	G	T	0		1
NC_001806.2	21259	CG	TA	0		1
NC_001806.2	21344	G	A	0		1
NC_001806.2	21977	C	T	0		1
NC_001806.2	22010	A	G	0		1
NC_001806.2	22649	G	T	0		1
NC_001806.2	22700	C	T	0		1
NC_001806.2	22904	T	C	0		1
NC_001806.2	23075	G	T	0		1
NC_001806.2	23116	C	A	0		1
NC_001806.2	23414	G	T	0		1
NC_001806.2	23504	G	A	0		1
NC_001806.2	23518	T	C	0		1
NC_001806.2	23670	T	C	0		1
NC_001806.2	24134	T	G	0		1
NC_001806.2	24158	T	A	0		1
NC_001806.2	24368	A	G	0		1
NC_001806.2	24446	C	T	0		1
NC_001806.2	24548	T	G	0		1
NC_001806.2	24716	GTCCCCC	GC	0		1
NC_001806.2	24792	G	A	0		1
NC_001806.2	24895	T	C	0		1
NC_001806.2	24932	C	A	0		1
NC_001806.2	25033	G	T	0		1
NC_001806.2	25071	C	T	0		1
NC_001806.2	25116	T	C	0		1
NC_001806.2	25608	C	T	0		1
NC_001806.2	25650	G	A	0		1
NC_001806.2	25668	C	T	0		1
NC_001806.2	26094	C	T	0		1
NC_001806.2	26286	CC	GG	0		1
NC_001806.2	26316	A	G	0		1
NC_001806.2	26586	T	C	0		1
NC_001806.2	26601	T	G	0		1
NC_001806.2	26683	A	T	0		1
NC_001806.2	27217	G	A	0		1
NC_001806.2	27256	A	G	0		1
NC_001806.2	27286	G	A	0		1
NC_001806.2	27369	A	G	0		1
NC_001806.2	27862	G	C	0		1
NC_001806.2	27911	A	G	0		1
NC_001806.2	28012	G	T	0		1
NC_001806.2	28015	A	G	0		1
NC_001806.2	28224	T	C	0		1
NC_001806.2	28347	C	T	0		1
NC_001806.2	28384	G	A	0		1
NC_001806.2	28401	C	T	0		1
NC_001806.2	28551	T	C	0		1
NC_001806.2	28938	CGGGGGGT	CGGGGGT	0		1
NC_001806.2	29125	C	A	0		1
NC_001806.2	29203	T	G	0		1
NC_001806.2	29446	T	C	0		1
NC_001806.2	29521	C	T	0		1
NC_001806.2	30426	C	A	0		1
NC_001806.2	30583	G	A	0		1
NC_001806.2	30856	T	G	0		1
NC_001806.2	31198	A	G	0		1
NC_001806.2	31357	G	A	0		1
NC_001806.2	31396	C	A	0		1
NC_001806.2	31941	A	G	0		1
NC_001806.2	32146	T	G	0		1
NC_001806.2	32284	G	T	0		1
NC_001806.2	32445	C	T	0		1
NC_001806.2	32623	T	G	0		1
NC_001806.2	32662	C	A	0		1
NC_001806.2	32665	T	G	0		1
NC_001806.2	32923	A	G	0		1
NC_001806.2	33097	A	G	0		1
NC_001806.2	33633	T	C	0		1
NC_001806.2	34649	A	G	0		1
NC_001806.2	34760	C	T	0		1
NC_001806.2	34796	T	C	0		1
NC_001806.2	34808	C	T	0		1
NC_001806.2	34862	T	C	0		1
NC_001806.2	34964	ACC	AC	0		1
NC_001806.2	35019	A	G	0		1
NC_001806.2	35071	ACCCCCCCG	ACCCCCCCCCG	0		1
NC_001806.2	35269	T	C	0		1
NC_001806.2	35333	T	G	0		1
NC_001806.2	35465	A	G	0		1
NC_001806.2	36495	A	G	0		1
NC_001806.2	37866	C	A	0		1
NC_001806.2	37974	C	A	0		1
NC_001806.2	38142	A	G	0		1
NC_001806.2	38226	T	C	0		1
NC_001806.2	38232	C	T	0		1
NC_001806.2	38313	A	G	0		1
NC_001806.2	38569	C	T	0		1
NC_001806.2	38879	CA	AG	0		1
NC_001806.2	39407	C	T	0		1
NC_001806.2	39647	C	A	0		1
NC_001806.2	40059	G	A	0		1
NC_001806.2	40070	C	T	0		1
NC_001806.2	40392	T	G	0		1
NC_001806.2	40408	C	T	0		1
NC_001806.2	40422	A	G	0		1
NC_001806.2	40554	T	G	0		1
NC_001806.2	40696	C	T	0		1
NC_001806.2	40786	A	C	0		1
NC_001806.2	41890	A	G	0		1
NC_001806.2	42161	C	T	0		1
NC_001806.2	42384	C	T	0		1
NC_001806.2	42500	G	A	0		1
NC_001806.2	43266	T	G	0		1
NC_001806.2	43502	C	A	0		1
NC_001806.2	43662	C	A	0		1
NC_001806.2	43683	A	C	0		1
NC_001806.2	43702	A	G	0		1
NC_001806.2	43710	T	C	0		1
NC_001806.2	43741	GGGGGGGGGGGA	GGGGGGGGAAGGGA	0		1
NC_001806.2	43759	G	A	0		1
NC_001806.2	43786	A	C	0		1
NC_001806.2	43788	C	T	0		1
NC_001806.2	43843	G	T	0		1
NC_001806.2	43864	A	C	0		1
NC_001806.2	43954	C	T	0		1
NC_001806.2	44167	C	T	0		1
NC_001806.2	44190	C	T	0		1
NC_001806.2	44485	A	G	0		1
NC_001806.2	44734	G	T	0		1
NC_001806.2	44788	A	C	0		1
NC_001806.2	45935	G	A	0		1
NC_001806.2	46482	T	G	0		1
NC_001806.2	46519	T	C	0		1
NC_001806.2	46739	T	G	0		1
NC_001806.2	46871	A	G	0		1
NC_001806.2	47011	C	T	0		1
NC_001806.2	47085	C	T	0		1
NC_001806.2	47087	A	G	0		1
NC_001806.2	47291	G	A	0		1
NC_001806.2	47533	A	G	0		1
NC_001806.2	47538	C	T	0		1
NC_001806.2	47633	G	A	0		1
NC_001806.2	47698	T	C	0		1
NC_001806.2	47702	C	T	0		1
NC_001806.2	47736	T	C	0		1
NC_001806.2	47824	G	T	0		1
NC_001806.2	47911	A	G	0		1
NC_001806.2	48463	G	T	0		1
NC_001806.2	49066	C	T	0		1
NC_001806.2	49320	C	A	0		1
NC_001806.2	49465	G	T	0		1
NC_001806.2	49827	T	C	0		1
NC_001806.2	50361	T	C	0		1
NC_001806.2	50430	G	A	0		1
NC_001806.2	50563	G	A	0		1
NC_001806.2	50777	TTTTCG	TG	0		1
NC_001806.2	51061	G	A	0		1
NC_001806.2	51064	G	T	0		1
NC_001806.2	51079	G	A	0		1
NC_001806.2	51391	GC	AA	0		1
NC_001806.2	51708	T	C	0		1
NC_001806.2	51710	T	C	0		1
NC_001806.2	51743	A	G	0		1
NC_001806.2	51832	T	C	0		1
NC_001806.2	51887	T	G	0		1
NC_001806.2	51910	T	C	0		1
NC_001806.2	52049	C	A	0		1
NC_001806.2	52185	C	A	0		1
NC_001806.2	52201	C	T	0		1
NC_001806.2	52219	T	G	0		1
NC_001806.2	52288	G	A	0		1
NC_001806.2	52339	G	A	0		1
NC_001806.2	52424	C	T	0		1
NC_001806.2	52892	G	A	0		1
NC_001806.2	52969	TT	TTAT	0		1
NC_001806.2	53080	A	G	0		1
NC_001806.2	53798	G	A	0		1
NC_001806.2	53819	C	T	0		1
NC_001806.2	54283	T	G	0		1
NC_001806.2	54386	G	T	0		1
NC_001806.2	54635	A	G	0		1
NC_001806.2	54931	A	G	0		1
NC_001806.2	54977	G	A	0		1
NC_001806.2	54995	C	T	0		1
NC_001806.2	55082	G	A	0		1
NC_001806.2	55187	G	T	0		1
NC_001806.2	55560	T	G	0		1
NC_001806.2	55566	GG	TT	0		1
NC_001806.2	55602	C	A	0		1
NC_001806.2	55612	G	C	0		1
NC_001806.2	55620	G	A	0		1
NC_001806.2	55628	C	T	0		1
NC_001806.2	55655	C	A	0		1
NC_001806.2	55662	T	G	0		1
NC_001806.2	55884	T	G	0		1
NC_001806.2	56493	G	A	0		1
NC_001806.2	56655	C	T	0		1
NC_001806.2	56691	C	T	0		1
NC_001806.2	56820	G	T	0		1
NC_001806.2	57329	A	C	0		1
NC_001806.2	57342	C	T	0		1
NC_001806.2	57426	G	A	0		1
NC_001806.2	57723	G	C	0		1
NC_001806.2	58305	G	T	0		1
NC_001806.2	58321	C	T	0		1
NC_001806.2	58369	T	C	0		1
NC_001806.2	58941	T	C	0		1
NC_001806.2	59094	C	T	0		1
NC_001806.2	59130	C	T	0		1
NC_001806.2	59175	C	G	0		1
NC_001806.2	59268	A	C	0		1
NC_001806.2	59313	A	G	0		1
NC_001806.2	59331	T	C	0		1
NC_001806.2	59336	A	C	0		1
NC_001806.2	59421	T	G	0		1
NC_001806.2	59823	T	C	0		1
NC_001806.2	59934	G	A	0		1
NC_001806.2	59994	A	G	0		1
NC_001806.2	60090	G	A	0		1
NC_001806.2	60248	G	A	0		1
NC_001806.2	60288	C	A	0		1
NC_001806.2	60474	G	A	0		1
NC_001806.2	60552	T	C	0		1
NC_001806.2	60558	A	G	0		1
NC_001806.2	60585	C	A	0		1
NC_001806.2	60879	G	A	0		1
NC_001806.2	61050	A	G	0		1
NC_001806.2	61710	A	G	0		1
NC_001806.2	61818	G	T	0		1
NC_001806.2	61925	A	C	0		1
NC_001806.2	61931	C	A	0		1
NC_001806.2	61938	T	C	0		1
NC_001806.2	62061	T	C	0		1
NC_001806.2	62114	CA	TG	0		1
NC_001806.2	62203	C	A	0		1
NC_001806.2	62700	C	T	0		1
NC_001806.2	62903	A	G	0		1
NC_001806.2	64048	C	T	0		1
NC_001806.2	64075	C	T	0		1
NC_001806.2	64880	A	C	0		1
NC_001806.2	65071	C	T	0		1
NC_001806.2	65476	C	A	0		1
NC_001806.2	65519	G	A	0		1
NC_001806.2	65712	C	T	0		1
NC_001806.2	66073	G	A	0		1
NC_001806.2	66082	C	A	0		1
NC_001806.2	66428	A	G	0		1
NC_001806.2	67278	G	A	0		1
NC_001806.2	67651	A	G	0		1
NC_001806.2	67759	A	C	0		1
NC_001806.2	67867	A	C	0		1
NC_001806.2	67963	G	A	0		1
NC_001806.2	68136	A	G	0		1
NC_001806.2	68233	A	C	0		1
NC_001806.2	68728	A	G	0		1
NC_001806.2	69358	G	A	0		1
NC_001806.2	69431	G	A	0		1
NC_001806.2	69450	C	A	0		1
NC_001806.2	69560	T	C	0		1
NC_001806.2	69656	C	T	0		1
NC_001806.2	69995	C	G	0		1
NC_001806.2	70374	A	T	0		1
NC_001806.2	70469	G	A	0		1
NC_001806.2	70528	A	T	0		1
NC_001806.2	71166	T	C	0		1
NC_001806.2	71169	C	A	0		1
NC_001806.2	71327	C	G	0		1
NC_001806.2	71490	C	T	0		1
NC_001806.2	71553	C	T	0		1
NC_001806.2	71601	G	A	0		1
NC_001806.2	71610	C	T	0		1
NC_001806.2	71616	T	C	0		1
NC_001806.2	71808	T	C	0		1
NC_001806.2	71818	G	A	0		1
NC_001806.2	71921	C	T	0		1
NC_001806.2	71978	C	T	0		1
NC_001806.2	72302	C	A	0		1
NC_001806.2	72309	C	A	0		1
NC_001806.2	72549	G	A	0		1
NC_001806.2	72925	A	G	0		1
NC_001806.2	72927	A	C	0		1
NC_001806.2	73056	G	A	0		1
NC_001806.2	73083	G	C	0		1
NC_001806.2	73137	G	A	0		1
NC_001806.2	73230	A	G	0		1
NC_001806.2	73320	C	A	0		1
NC_001806.2	73425	A	G	0		1
NC_001806.2	73437	C	T	0		1
NC_001806.2	73631	C	T	0		1
NC_001806.2	73744	A	G	0		1
NC_001806.2	73749	A	C	0		1
NC_001806.2	74085	A	G	0		1
NC_001806.2	74190	C	G	0		1
NC_001806.2	74196	T	C	0		1
NC_001806.2	74598	G	A	0		1
NC_001806.2	74623	G	A	0		1
NC_001806.2	74784	C	G	0		1
NC_001806.2	75041	C	A	0		1
NC_001806.2	75195	C	T	0		1
NC_001806.2	75359	C	T	0		1
NC_001806.2	75461	C	A	0		1
NC_001806.2	76119	C	G	0		1
NC_001806.2	76335	T	C	0		1
NC_001806.2	76776	G	T	0		1
NC_001806.2	76779	A	C	0		1
NC_001806.2	76813	A	C	0		1
NC_001806.2	76983	A	G	0		1
NC_001806.2	76995	T	C	0		1
NC_001806.2	77091	T	G	0		1
NC_001806.2	77145	A	G	0		1
NC_001806.2	77712	T	C	0		1
NC_001806.2	77754	T	C	0		1
NC_001806.2	77946	G	A	0		1
NC_001806.2	77952	A	G	0		1
NC_001806.2	78036	T	C	0		1
NC_001806.2	78242	C	T	0		1
NC_001806.2	78674	A	G	0		1
NC_001806.2	78685	T	C	0		1
NC_001806.2	78945	G	A	0		1
NC_001806.2	78950	G	A	0		1
NC_001806.2	79625	G	T	0		1
NC_001806.2	79761	G	A	0		1
NC_001806.2	79865	C	T	0		1
NC_001806.2	80178	G	A	0		1
NC_001806.2	80196	G	C	0		1
NC_001806.2	80292	G	A	0		1
NC_001806.2	80647	CCCCGCCCGCCCGC	CCCAGCCCGC	0		1
NC_001806.2	80698	T	G	0		1
NC_001806.2	80768	A	C	0		1
NC_001806.2	81331	G	A	0		1
NC_001806.2	81391	G	A	0		1
NC_001806.2	81400	G	A	0		1
NC_001806.2	81817	T	G	0		1
NC_001806.2	81853	G	A	0		1
NC_001806.2	82048	G	A	0		1
NC_001806.2	82084	A	G	0		1
NC_001806.2	82198	G	A	0		1
NC_001806.2	82315	G	A	0		1
NC_001806.2	82558	T	C	0		1
NC_001806.2	82677	AC	GA	0		1
NC_001806.2	82749	T	C	0		1
NC_001806.2	83002	C	T	0		1
NC_001806.2	83020	A	C	0		1
NC_001806.2	83155	G	C	0		1
NC_001806.2	83158	C	T	0		1
NC_001806.2	83626	A	C	0		1
NC_001806.2	84200	C	A	0		1
NC_001806.2	84485	CCCCCTC	CC	0		1
NC_001806.2	84523	G	T	0		1
NC_001806.2	84599	A	C	0		1
NC_001806.2	84617	A	G	0		1
NC_001806.2	84673	G	T	0		1
NC_001806.2	84908	T	C	0		1
NC_001806.2	85079	A	C	0		1
NC_001806.2	85397	A	G	0		1
NC_001806.2	85880	T	C	0		1
NC_001806.2	85964	C	T	0		1
NC_001806.2	86006	G	A	0		1
NC_001806.2	86132	T	C	0		1
NC_001806.2	86244	C	T	0		1
NC_001806.2	86457	A	C	0		1
NC_001806.2	86805	G	T	0		1
NC_001806.2	86871	CA	AG	0		1
NC_001806.2	86931	T	C	0		1
NC_001806.2	86985	A	C	0		1
NC_001806.2	87009	G	C	0		1
NC_001806.2	87012	CGAC	GTC	0		1
NC_001806.2	87017	GG	GTG	0		1
NC_001806.2	87048	G	C	0		1
NC_001806.2	87222	C	A	0		1
NC_001806.2	87267	C	T	0		1
NC_001806.2	87311	C	T	0		1
NC_001806.2	87526	G	T	0		1
NC_001806.2	87535	CC	AA	0		1
NC_001806.2	87804	T	C	0		1
NC_001806.2	87963	T	C	0		1
NC_001806.2	89187	T	G	0		1
NC_001806.2	89332	G	A	0		1
NC_001806.2	89840	T	C	0		1
NC_001806.2	90380	T	C	0		1
NC_001806.2	90420	T	C	0		1
NC_001806.2	90467	T	C	0		1
NC_001806.2	90572	C	T	0		1
NC_001806.2	90948	G	T	0		1
NC_001806.2	91875	G	T	0		1
NC_001806.2	91914	T	C	0		1
NC_001806.2	92007	G	A	0		1
NC_001806.2	92066	G	A	0		1
NC_001806.2	92223	C	T	0		1
NC_001806.2	92645	A	G	0		1
NC_001806.2	93149	C	A	0		1
NC_001806.2	93228	A	G	0		1
NC_001806.2	93297	C	A	0		1
NC_001806.2	93771	C	A	0		1
NC_001806.2	93900	C	T	0		1
NC_001806.2	93962	G	C	0		1
NC_001806.2	94110	A	C	0		1
NC_001806.2	94241	T	C	0		1
NC_001806.2	94243	C	T	0		1
NC_001806.2	94245	T	C	0		1
NC_001806.2	94322	G	A	0		1
NC_001806.2	94461	G	A	0		1
NC_001806.2	94593	G	A	0		1
NC_001806.2	94607	T	C	0		1
NC_001806.2	94614	C	A	0		1
NC_001806.2	94657	T	C	0		1
NC_001806.2	94827	T	C	0		1
NC_001806.2	94986	C	T	0		1
NC_001806.2	95000	G	A	0		1
NC_001806.2	95351	C	T	0		1
NC_001806.2	95404	T	C	0		1
NC_001806.2	95413	T	G	0		1
NC_001806.2	95437	T	C	0		1
NC_001806.2	95444	AC	GT	0		1
NC_001806.2	95459	C	G	0		1
NC_001806.2	95499	TT	AC	0		1
NC_001806.2	95503	C	A	0		1
NC_001806.2	95509	C	A	0		1
NC_001806.2	95524	C	A	0		1
NC_001806.2	95539	C	G	0		1
NC_001806.2	95573	G	A	0		1
NC_001806.2	95632	T	C	0		1
NC_001806.2	95968	C	T	0		1
NC_001806.2	96006	T	C	0		1
NC_001806.2	96171	C	T	0		1
NC_001806.2	96178	T	C	0		1
NC_001806.2	96211	G	T	0		1
NC_001806.2	96357	T	G	0		1
NC_001806.2	96363	C	T	0		1
NC_001806.2	96534	A	C	0		1
NC_001806.2	96590	G	A	0		1
NC_001806.2	96610	C	T	0		1
NC_001806.2	96658	G	A	0		1
NC_001806.2	96704	CCC	TTT	0		1
NC_001806.2	96799	T	C	0		1
NC_001806.2	96855	A	G	0		1
NC_001806.2	96905	A	G	0		1
NC_001806.2	97024	C	T	0		1
NC_001806.2	97210	T	A	0		1
NC_001806.2	97228	A	G	0		1
NC_001806.2	97253	C	T	0		1
NC_001806.2	97292	A	C	0		1
NC_001806.2	97367	T	C	0		1
NC_001806.2	97676	A	G	0		1
NC_001806.2	97851	A	G	0		1
NC_001806.2	97891	TCCCCCCT	TCCCCCT	0		1
NC_001806.2	97971	A	C	0		1
NC_001806.2	98047	A	C	0		1
NC_001806.2	98081	A	C	0		1
NC_001806.2	98437	C	T	0		1
NC_001806.2	98626	T	C	0		1
NC_001806.2	99109	C	G	0		1
NC_001806.2	99188	GCGTCGTCGTCGTCGTCGTC	GCGTCGTCGTCGTCGTC	0		1
NC_001806.2	99417	T	C	0		1
NC_001806.2	99450	T	C	0		1
NC_001806.2	99501	T	G	0		1
NC_001806.2	99627	T	G	0		1
NC_001806.2	99722	T	C	0		1
NC_001806.2	99979	G	C	0		1
NC_001806.2	100415	A	G	0		1
NC_001806.2	100477	C	T	0		1
NC_001806.2	100699	G	T	0		1
NC_001806.2	101225	A	C	0		1
NC_001806.2	101375	G	A	0		1
NC_001806.2	101528	C	A	0		1
NC_001806.2	101591	C	T	0		1
NC_001806.2	101801	G	A	0		1
NC_001806.2	101845	G	A	0		1
NC_001806.2	102041	G	A	0		1
NC_001806.2	102164	C	A	0		1
NC_001806.2	102182	A	C	0		1
NC_001806.2	102191	C	T	0		1
NC_001806.2	102197	C	T	0		1
NC_001806.2	102633	G	T	0		1
NC_001806.2	103120	T	G	0		1
NC_001806.2	103515	GTT	GTTT	0		1
NC_001806.2	103559	T	G	0		1
NC_001806.2	103719	C	A	0		1
NC_001806.2	104405	A	G	0		1
NC_001806.2	104670	A	C	0		1
NC_001806.2	104711	T	C	0		1
NC_001806.2	104807	G	A	0		1
NC_001806.2	104819	G	A	0		1
NC_001806.2	104925	T	C	0		1
NC_001806.2	104976	G	A	0		1
NC_001806.2	105021	C	T	0		1
NC_001806.2	105044	T	C	0		1
NC_001806.2	105176	GAA	GAAA	0		1
NC_001806.2	105279	A	C	0		1
NC_001806.2	105397	C	A	0		1
NC_001806.2	105483	GTT	GTTT	0		1
NC_001806.2	105697	G	C	0		1
NC_001806.2	105778	G	A	0		1
NC_001806.2	106081	T	C	0		1
NC_001806.2	106240	CT	TG	0		1
NC_001806.2	106248	A	C	0		1
NC_001806.2	106308	C	A	0		1
NC_001806.2	106844	T	C	0		1
NC_001806.2	106912	C	T	0		1
NC_001806.2	107166	T	C	0		1
NC_001806.2	107238	C	T	0		1
NC_001806.2	107263	G	T	0		1
NC_001806.2	107271	C	A	0		1
NC_001806.2	107427	C	A	0		1
NC_001806.2	107495	A	C	0		1
NC_001806.2	107525	C	A	0		1
NC_001806.2	107539	A	C	0		1
NC_001806.2	108046	C	T	0		1
NC_001806.2	108131	C	T	0		1
NC_001806.2	108137	T	G	0		1
NC_001806.2	108172	G	T	0		1
NC_001806.2	108184	T	C	0		1
NC_001806.2	108197	A	C	0		1
NC_001806.2	108249	A	G	0		1
NC_001806.2	108484	T	G	0		1
NC_001806.2	108494	C	G	0		1
NC_001806.2	108497	G	T	0		1
NC_001806.2	108572	A	G	0		1
NC_001806.2	108894	G	A	0		1
NC_001806.2	109680	T	C	0		1
NC_001806.2	109912	T	C	0		1
NC_001806.2	109972	C	T	0		1
NC_001806.2	110113	C	T	0		1
NC_001806.2	110228	A	C	0		1
NC_001806.2	110397	A	G	0		1
NC_001806.2	110509	C	T	0		1
NC_001806.2	110518	C	A	0		1
NC_001806.2	110548	T	C	0		1
NC_001806.2	110591	C	A	0		1
NC_001806.2	110596	A	G	0		1
NC_001806.2	110806	C	T	0		1
NC_001806.2	110857	T	C	0		1
NC_001806.2	111019	T	C	0		1
NC_001806.2	112036	G	A	0		1
NC_001806.2	112072	C	T	0		1
NC_001806.2	112758	G	A	0		1
NC_001806.2	112899	G	T	0		1
NC_001806.2	113076	C	T	0		1
NC_001806.2	113223	T	A	0		1
NC_001806.2	113428	G	T	0		1
NC_001806.2	113494	C	T	0		1
NC_001806.2	113740	G	A	0		1
NC_001806.2	114199	T	C	0		1
NC_001806.2	114253	T	G	0		1
NC_001806.2	114322	C	A	0		1
NC_001806.2	114351	A	C	0		1
NC_001806.2	115311	T	A	0		1
NC_001806.2	115432	T	C	0		1
NC_001806.2	116085	ACCCCCCCCA	ACCCCCCA	0		1
NC_001806.2	116105	G	C	0		1
NC_001806.2	116119	C	T	0		1
NC_001806.2	116258	A	T	0		1
NC_001806.2	116290	A	C	0		1
NC_001806.2	116345	C	A	0		1
NC_001806.2	116406	G	A	0		1
NC_001806.2	116754	A	G	0		1
NC_001806.2	116893	A	G	0		1
NC_001806.2	116975	T	G	0		1
NC_001806.2	117010	G	T	0		1
NC_001806.2	117032	A	G	0		1
NC_001806.2	117069	C	T	0		1
NC_001806.2	117071	T	C	0		1
NC_001806.2	117106	C	T	0		1
NC_001806.2	117148	A	C	0		1
NC_001806.2	132561	A	G	0		1
NC_001806.2	132598	G	T	0		1
NC_001806.2	132600	T	G	0		1
NC_001806.2	132608	C	G	0		1
NC_001806.2	132615	A	G	0		1
NC_001806.2	132695	C	T	0		1
NC_001806.2	132746	T	C	0		1
NC_001806.2	132812	G	C	0		1
NC_001806.2	133372	T	C	0		1
NC_001806.2	133487	A	G	0		1
NC_001806.2	133652	G	C	0		1
NC_001806.2	133900	C	T	0		1
NC_001806.2	133929	C	T	0		1
NC_001806.2	133939	C	A	0		1
NC_001806.2	134049	C	T	0		1
NC_001806.2	134154	A	C	0		1
NC_001806.2	134981	A	C	0		1
NC_001806.2	135118	G	T	0		1
NC_001806.2	135408	A	G	0		1
NC_001806.2	135413	G	T	0		1
NC_001806.2	135446	T	G	0		1
NC_001806.2	135600	A	C	0		1
NC_001806.2	135630	T	C	0		1
NC_001806.2	135854	T	C	0		1
NC_001806.2	136679	T	A	0		1
NC_001806.2	136721	T	C	0		1
NC_001806.2	136754	A	C	0		1
NC_001806.2	136974	T	C	0		1
NC_001806.2	137331	C	T	0		1
NC_001806.2	137495	T	C	0		1
NC_001806.2	137646	A	G	0		1
NC_001806.2	137745	C	T	0		1
NC_001806.2	137769	G	A	0		1
NC_001806.2	137934	A	G	0		1
NC_001806.2	138015	TCCCCCCCCCCCCCCCT	TCCCCCCCCCCCCT	0		1
NC_001806.2	138039	G	A	0		1
NC_001806.2	138129	TGGGGGGGC	TGGGGGGGGGGC	0		1
NC_001806.2	138263	C	T	0		1
NC_001806.2	138511	T	C	0		1
NC_001806.2	139522	A	G	0		1
NC_001806.2	139610	ACCCCCCCT	ACCCCCCCCT	0		1
NC_001806.2	139701	T	C	0		1
NC_001806.2	139761	CTTTTTTTG	CTTTTTTG	0		1
NC_001806.2	140006	G	T	0		1
NC_001806.2	140160	C	G	0		1
NC_001806.2	140192	A	G	0		1
NC_001806.2	140199	A	G	0		1
NC_001806.2	140205	G	T	0		1
NC_001806.2	140244	T	G	0		1
NC_001806.2	140250	G	A	0		1
NC_001806.2	140323	T	C	0		1
NC_001806.2	140354	C	A	0		1
NC_001806.2	140405	A	C	0		1
NC_001806.2	140450	T	C	0		1
NC_001806.2	140452	C	T	0		1
NC_001806.2	140455	G	A	0		1
NC_001806.2	140457	T	C	0		1
NC_001806.2	140496	G	A	0		1
NC_001806.2	140514	T	C	0		1
NC_001806.2	140523	A	C	0		1
NC_001806.2	140531	C	A	0		1
NC_001806.2	140556	T	G	0		1
NC_001806.2	140588	A	C	0		1
NC_001806.2	140637	C	T	0		1
NC_001806.2	140709	T	C	0		1
NC_001806.2	140723	G	A	0		1
NC_001806.2	140733	G	A	0		1
NC_001806.2	140739	G	T	0		1
NC_001806.2	140844	G	A	0		1
NC_001806.2	140889	T	G	0		1
NC_001806.2	140932	C	T	0		1
NC_001806.2	140982	A	G	0		1
NC_001806.2	141006	C	A	0		1
NC_001806.2	141043	C	A	0		1
NC_001806.2	141054	G	C	0		1
NC_001806.2	141070	T	C	0		1
NC_001806.2	141092	G	A	0		1
NC_001806.2	141171	C	G	0		1
NC_001806.2	141483	G	A	0		1
NC_001806.2	141540	G	A	0		1
NC_001806.2	141579	A	G	0		1
NC_001806.2	141634	C	T	0		1
NC_001806.2	141675	C	T	0		1
NC_001806.2	141750	C	T	0		1
NC_001806.2	141813	C	A	0		1
NC_001806.2	141900	T	C	0		1
NC_001806.2	141961	A	G	0		1
NC_001806.2	141966	C	T	0		1
NC_001806.2	142015	T	A	0		1
NC_001806.2	142110	A	G	0		1
NC_001806.2	142131	G	T	0		1
NC_001806.2	142206	A	G	0		1
NC_001806.2	142240	G	T	0		1
NC_001806.2	142323	T	C	0		1
NC_001806.2	142353	C	A	0		1
NC_001806.2	142542	A	G	0		1
NC_001806.2	143276	A	T	0		1
NC_001806.2	143979	A	T	0		1
NC_001806.2	143989	AA	TT	0		1
NC_001806.2	144136	A	G	0		1
NC_001806.2	144522	A	G	0		1
NC_001806.2	144627	T	A	0		1
NC_001806.2	144686	T	G	0		1
NC_001806.2	144708	T	C	0		1
NC_001806.2	144716	G	C	0		1
NC_001806.2	144831	A	G	0		1
NC_001806.2	144849	A	G	0		1
NC_001806.2	144859	CCTGGGAGAC	C	0		1
NC_001806.2	145263	CGGGGGGGA	CGGGGGGA	0		1
NC_001806.2	145289	G	A	0		1
NC_001806.2	145297	T	C	0		1
NC_001806.2	145542	G	T	0		1
NC_001806.2	145585	TCCCCCCCG	TCCCCCCG	0		1
NC_001806.2	145597	A	C	0		1
NC_001806.2	145599	C	A	0		1
NC_001806.2	145636	T	C	0		1
NC_001806.2	145644	G	C	0		1
NC_001806.2	145705	CCCTCCTC	CCCTCCTCCTC	0		1
