# [1]CHROM	[2]POS	[3]REF	[4]ALT	[5]AB		[6]SRR8352624:GT
KX722529.1	137	C	T	0		1/1
KX722529.1	315	T	C	0		1/1
KX722529.1	339	C	T	0		1/1
KX722529.1	369	T	C	0		1/1
KX722529.1	376	C	T	0		1/1
KX722529.1	385	G	A	0		1/1
KX722529.1	402	C	T	0		1/1
KX722529.1	429	G	A	0		1/1
KX722529.1	432	T	C	0		1/1
KX722529.1	441	T	C	0		1/1
KX722529.1	450	A	G	0		1/1
KX722529.1	483	A	T	0		1/1
KX722529.1	530	C	T	0		1/1
KX722529.1	537	T	A	0		1/1
KX722529.1	552	G	A	0		1/1
KX722529.1	561	C	T	0		1/1
KX722529.1	570	C	T	0		1/1
KX722529.1	572	A	G	0		1/1
KX722529.1	585	G	T	0		1/1
KX722529.1	627	T	C	0		1/1
KX722529.1	669	G	A	0		1/1
KX722529.1	678	C	T	0		1/1
KX722529.1	684	C	T	0		1/1
KX722529.1	712	G	A	0		1/1
KX722529.1	715	A	G	0		1/1
KX722529.1	738	A	G	0		1/1
KX722529.1	743	G	A	0		1/1
KX722529.1	745	T	C	0		1/1
KX722529.1	755	TA	CG	0		1/1
KX722529.1	759	A	T	0		1/1
KX722529.1	771	GA	AC	0		1/1
KX722529.1	791	CT	GC	0		1/1
KX722529.1	809	A	G	0		1/1
KX722529.1	819	T	C	0		1/1
KX722529.1	856	G	A	0		1/1
KX722529.1	864	G	A	0		1/1
KX722529.1	888	C	T	0		1/1
KX722529.1	894	GA	AG	0		1/1
KX722529.1	906	C	T	0		1/1
KX722529.1	924	C	T	0		1/1
KX722529.1	942	G	A	0		1/1
KX722529.1	948	C	T	0		1/1
KX722529.1	952	A	G	0		1/1
KX722529.1	954	A	T	0		1/1
KX722529.1	986	CT	GC	0		1/1
KX722529.1	1002	C	T	0		1/1
KX722529.1	1005	T	C	0		1/1
KX722529.1	1008	T	A	0		1/1
KX722529.1	1020	T	A	0		1/1
KX722529.1	1027	G	T	0		1/1
KX722529.1	1029	T	A	0		1/1
KX722529.1	1083	G	T	0		1/1
KX722529.1	1119	T	C	0		1/1
KX722529.1	1155	T	C	0		1/1
KX722529.1	1185	C	T	0		1/1
KX722529.1	1215	T	C	0		1/1
KX722529.1	1263	C	T	0		1/1
KX722529.1	1272	C	T	0		1/1
KX722529.1	1296	C	T	0		1/1
KX722529.1	1305	A	G	0		1/1
KX722529.1	1316	AA	CT	0		1/1
KX722529.1	1324	AC	GT	0		1/1
KX722529.1	1327	G	T	0		1/1
KX722529.1	1332	T	C	0		1/1
KX722529.1	1335	T	C	0		1/1
KX722529.1	1343	A	G	0		1/1
KX722529.1	1350	C	T	0		1/1
KX722529.1	1725	G	A	0		1/1
KX722529.1	1734	CC	GT	0		1/1
KX722529.1	1761	T	C	0		1/1
KX722529.1	1764	T	C	0		1/1
KX722529.1	1804	C	A	0		1/1
KX722529.1	2004	C	T	0		1/1
KX722529.1	2010	T	C	0		1/1
KX722529.1	2013	A	G	0		1/1
KX722529.1	2016	C	T	0		1/1
KX722529.1	2025	T	C	0		1/1
KX722529.1	2028	T	C	0		1/1
KX722529.1	2040	A	C	0		1/1
KX722529.1	2043	T	G	0		1/1
KX722529.1	2052	A	T	0		1/1
KX722529.1	2055	T	C	0		1/1
KX722529.1	2060	AT	GC	0		1/1
KX722529.1	2064	T	C	0		1/1
KX722529.1	2077	G	A	0		1/1
KX722529.1	2142	T	C	0		1/1
KX722529.1	2148	T	G	0		1/1
KX722529.1	2184	C	T	0		1/1
KX722529.1	2190	A	G	0		1/1
KX722529.1	2197	C	T	0		1/1
KX722529.1	2233	C	G	0		1/1
KX722529.1	2235	A	G	0		1/1
KX722529.1	2248	T	C	0		1/1
KX722529.1	2253	G	A	0		1/1
KX722529.1	2256	A	G	0		1/1
KX722529.1	2637	A	C	0		1/1
KX722529.1	2654	A	G	0		1/1
KX722529.1	2658	T	C	0		1/1
KX722529.1	2661	T	C	0		1/1
KX722529.1	2667	T	C	0		1/1
KX722529.1	2688	C	T	0		1/1
KX722529.1	2700	T	C	0		1/1
KX722529.1	2706	G	A	0		1/1
KX722529.1	2712	T	C	0		1/1
KX722529.1	2733	G	A	0		1/1
KX722529.1	2741	T	C	0		1/1
KX722529.1	2745	T	C	0		1/1
KX722529.1	2766	C	T	0		1/1
KX722529.1	2769	C	T	0		1/1
KX722529.1	2802	C	T	0		1/1
KX722529.1	2808	TG	CA	0		1/1
KX722529.1	2826	T	C	0		1/1
KX722529.1	2853	C	T	0		1/1
KX722529.1	2856	C	T	0		1/1
KX722529.1	2880	T	C	0		1/1
KX722529.1	2886	C	G	0		1/1
KX722529.1	2913	G	A	0		1/1
KX722529.1	2922	T	C	0		1/1
KX722529.1	2960	A	G	0.666667		0/1
KX722529.1	2962	G	A	0		1/1
KX722529.1	2975	A	G	0		1/1
KX722529.1	2982	C	A	0		1/1
KX722529.1	3003	G	A	0		1/1
KX722529.1	3030	G	T	0		1/1
KX722529.1	3077	T	C	0		1/1
KX722529.1	3084	C	T	0		1/1
KX722529.1	3087	C	T	0		1/1
KX722529.1	3093	A	G	0		1/1
KX722529.1	3121	C	A	0		1/1
KX722529.1	3126	C	T	0		1/1
KX722529.1	3140	AG	CA	0		1/1
KX722529.1	3152	AG	GA	0		1/1
KX722529.1	3180	C	T	0		1/1
KX722529.1	3183	C	T	0		1/1
KX722529.1	3189	A	T	0		1/1
KX722529.1	3207	T	C	0		1/1
KX722529.1	3209	A	C	0.6		0/1
KX722529.1	3234	A	G	0		1/1
KX722529.1	3240	T	C	0		1/1
KX722529.1	3243	C	T	0		1/1
KX722529.1	3253	G	A	0		1/1
KX722529.1	3256	A	G	0		1/1
KX722529.1	3263	TC	AG	0		1/1
KX722529.1	3439	G	T	0		1/1
KX722529.1	3444	T	G	0		1/1
KX722529.1	3457	A	G	0		1/1
KX722529.1	3469	AAC	GCT	0		1/1
KX722529.1	3489	C	T	0		1/1
KX722529.1	3518	A	T	0		1/1
KX722529.1	3529	T	G	0		1/1
KX722529.1	3534	T	A	0		1/1
KX722529.1	3543	G	A	0		1/1
KX722529.1	3547	G	A	0		1/1
KX722529.1	3562	G	A	0		1/1
KX722529.1	3567	C	A	0		1/1
KX722529.1	3572	A	G	0		1/1
KX722529.1	3579	G	A	0		1/1
KX722529.1	3582	C	A	0		1/1
KX722529.1	3585	C	T	0		1/1
KX722529.1	3597	G	A	0		1/1
KX722529.1	3600	T	C	0		1/1
KX722529.1	3615	GC	AT	0		1/1
KX722529.1	3630	C	T	0		1/1
KX722529.1	3639	T	C	0		1/1
KX722529.1	3688	A	G	0		1/1
KX722529.1	3690	T	C	0		1/1
KX722529.1	3693	C	T	0		1/1
KX722529.1	3708	G	A	0		1/1
KX722529.1	3720	A	G	0		1/1
KX722529.1	3723	A	C	0		1/1
KX722529.1	3757	G	A	0		1/1
KX722529.1	3777	G	A	0		1/1
KX722529.1	3782	G	A	0		1/1
KX722529.1	3786	C	T	0		1/1
KX722529.1	3789	A	G	0		1/1
KX722529.1	3954	C	T	0		1/1
KX722529.1	4031	T	C	0		1/1
KX722529.1	4037	A	G	0		1/1
KX722529.1	4047	TGC	CAT	0		1/1
KX722529.1	4071	T	C	0		1/1
KX722529.1	4074	C	T	0		1/1
KX722529.1	4080	G	A	0		1/1
KX722529.1	4092	AA	CC	0		1/1
KX722529.1	4125	C	T	0		1/1
KX722529.1	4131	G	A	0		1/1
KX722529.1	4233	T	G	0		1/1
KX722529.1	4237	GC	AT	0		1/1
KX722529.1	4248	C	T	0		1/1
KX722529.1	4251	T	C	0		1/1
KX722529.1	4257	G	A	0		1/1
KX722529.1	4260	A	C	0		1/1
KX722529.1	4262	A	G	0		1/1
KX722529.1	4266	T	C	0		1/1
KX722529.1	4293	T	C	0		1/1
KX722529.1	4303	T	C	0		1/1
KX722529.1	4308	T	C	0		1/1
KX722529.1	4320	T	C	0		1/1
KX722529.1	4323	T	C	0		1/1
KX722529.1	4329	T	C	0.636364		0/1
KX722529.1	4354	A	T	0		1/1
KX722529.1	4368	T	C	0		1/1
KX722529.1	4386	T	C	0		1/1
KX722529.1	4407	G	A	0		1/1
KX722529.1	4418	C	A	0		1/1
KX722529.1	4428	A	G	0		1/1
KX722529.1	4430	CT	AC	0		1/1
KX722529.1	4437	AC	GT	0		1/1
KX722529.1	4440	A	C	0.875		0/1
KX722529.1	4461	C	G	0		1/1
KX722529.1	4503	T	C	0		1/1
KX722529.1	4512	A	T	0		1/1
KX722529.1	4528	C	A	0		1/1
KX722529.1	4533	C	T	0		1/1
KX722529.1	4536	G	A	0		1/1
KX722529.1	4545	C	A	0		1/1
KX722529.1	4560	G	A	0		1/1
KX722529.1	4578	T	C	0		1/1
KX722529.1	4612	A	C	0		1/1
KX722529.1	4629	T	G	0		1/1
KX722529.1	4633	A	G	0		1/1
KX722529.1	4641	G	A	0		1/1
KX722529.1	4740	T	C	0		1/1
KX722529.1	4744	G	A	0		1/1
KX722529.1	4758	G	A	0		1/1
KX722529.1	4764	T	A	0		1/1
KX722529.1	4770	C	T	0		1/1
KX722529.1	4782	G	T	0		1/1
KX722529.1	4803	T	C	0.25		0/1
KX722529.1	4806	C	T	0		1/1
KX722529.1	4843	C	A	0		1/1
KX722529.1	4854	T	C	0		1/1
KX722529.1	4893	C	T	0		1/1
KX722529.1	4932	A	C	0		1/1
KX722529.1	4936	T	C	0		1/1
KX722529.1	4939	A	G	0		1/1
KX722529.1	4944	AG	CA	0		1/1
KX722529.1	4968	T	C	0		1/1
KX722529.1	4977	T	C	0.4		0/1
KX722529.1	5193	T	C	0		1/1
KX722529.1	5220	T	A	0		1/1
KX722529.1	5223	T	C	0		1/1
KX722529.1	5379	C	T	0		1/1
KX722529.1	5394	A	T	0		1/1
KX722529.1	5403	T	G	0		1/1
KX722529.1	5409	C	T	0		1/1
KX722529.1	5418	A	T	0		1/1
KX722529.1	5422	A	G	0		1/1
KX722529.1	5430	T	C	0		1/1
KX722529.1	5433	T	A	0		1/1
KX722529.1	5436	A	T	0		1/1
KX722529.1	5442	T	C	0		1/1
KX722529.1	5469	T	C	0		1/1
KX722529.1	5475	C	T	0		1/1
KX722529.1	5484	T	C	0		1/1
KX722529.1	5490	C	T	0		1/1
KX722529.1	5493	C	T	0		1/1
KX722529.1	5499	T	C	0		1/1
KX722529.1	5505	C	T	0		1/1
KX722529.1	5835	C	T	0		1/1
KX722529.1	5838	G	A	0		1/1
KX722529.1	5865	G	A	0		1/1
KX722529.1	5889	C	A	0		1/1
KX722529.1	5934	A	G	0		1/1
KX722529.1	5944	A	G	0		1/1
KX722529.1	5964	T	G	0		1/1
KX722529.1	5976	T	C	0		1/1
KX722529.1	5988	A	G	0		1/1
KX722529.1	5992	C	T	0		1/1
KX722529.1	6033	C	T	0		1/1
KX722529.1	6043	T	G	0		1/1
KX722529.1	6081	G	A	0		1/1
KX722529.1	6090	C	T	0		1/1
KX722529.1	6111	G	A	0		1/1
KX722529.1	6114	T	C	0		1/1
KX722529.1	6122	A	G	0		1/1
KX722529.1	6135	C	T	0		1/1
KX722529.1	6141	G	A	0		1/1
KX722529.1	6150	A	G	0		1/1
KX722529.1	6168	C	A	0		1/1
KX722529.1	6180	T	C	0		1/1
KX722529.1	6186	A	G	0		1/1
KX722529.1	6240	A	T	0		1/1
KX722529.1	6248	C	T	0		1/1
KX722529.1	6273	T	C	0		1/1
KX722529.1	6279	C	T	0		1/1
KX722529.1	6288	C	T	0		1/1
KX722529.1	6297	C	T	0		1/1
KX722529.1	6321	G	A	0		1/1
KX722529.1	6327	G	A	0		1/1
KX722529.1	6345	T	G	0		1/1
KX722529.1	6372	C	T	0		1/1
KX722529.1	6381	G	A	0		1/1
KX722529.1	6504	C	T	0		1/1
KX722529.1	6514	A	G	0		1/1
KX722529.1	6543	A	G	0		1/1
KX722529.1	6549	A	T	0		1/1
KX722529.1	6558	T	G	0		1/1
KX722529.1	6587	G	A	0		1/1
KX722529.1	6591	C	T	0		1/1
KX722529.1	6606	AG	GA	0		1/1
KX722529.1	6624	A	G	0		1/1
KX722529.1	6753	A	G	0		1/1
KX722529.1	6804	G	A	0		1/1
KX722529.1	6807	G	A	0		1/1
KX722529.1	6810	T	C	0		1/1
KX722529.1	6822	A	G	0		1/1
KX722529.1	6825	G	T	0		1/1
KX722529.1	6839	A	T	0		1/1
KX722529.1	7029	T	C	0		1/1
KX722529.1	7050	A	G	0		1/1
KX722529.1	7056	A	G	0		1/1
KX722529.1	7059	C	T	0		1/1
KX722529.1	7071	T	C	0		1/1
KX722529.1	7079	T	C	0		1/1
KX722529.1	7083	T	C	0		1/1
KX722529.1	7089	C	T	0		1/1
KX722529.1	7120	G	A	0		1/1
KX722529.1	7125	T	C	0		1/1
KX722529.1	7131	T	G	0		1/1
KX722529.1	7173	C	T	0		1/1
KX722529.1	7176	C	T	0		1/1
KX722529.1	7201	T	A	0		1/1
KX722529.1	7204	T	G	0		1/1
KX722529.1	7206	T	A	0		1/1
KX722529.1	7299	C	A	0		1/1
KX722529.1	7305	T	A	0		1/1
KX722529.1	7311	G	A	0		1/1
KX722529.1	7314	T	C	0		1/1
KX722529.1	7321	ATGC	AC	0		1/1
KX722529.1	7326	A	T	0		1/1
KX722529.1	7338	C	A	0		1/1
KX722529.1	7341	G	A	0		1/1
KX722529.1	7350	A	G	0		1/1
KX722529.1	7365	G	A	0		1/1
KX722529.1	7497	G	A	0		1/1
KX722529.1	7501	A	C	0		1/1
KX722529.1	7513	T	A	0		1/1
KX722529.1	7519	C	T	0		1/1
KX722529.1	7529	T	C	0		1/1
KX722529.1	7533	C	T	0		1/1
KX722529.1	7566	G	T	0		1/1
KX722529.1	7584	T	A	0		1/1
KX722529.1	7630	T	C	0		1/1
KX722529.1	7638	C	T	0		1/1
KX722529.1	7641	C	T	0		1/1
KX722529.1	7644	C	T	0		1/1
KX722529.1	7659	C	T	0		1/1
KX722529.1	7668	C	T	0		1/1
KX722529.1	7673	G	A	0		1/1
KX722529.1	7713	T	C	0		1/1
KX722529.1	7722	T	C	0		1/1
KX722529.1	7725	G	A	0		1/1
KX722529.1	7740	C	T	0		1/1
KX722529.1	7746	A	C	0		1/1
KX722529.1	7759	C	T	0		1/1
KX722529.1	7767	T	C	0		1/1
KX722529.1	7794	G	A	0		1/1
KX722529.1	7818	CT	TC	0		1/1
KX722529.1	7821	A	T	0		1/1
KX722529.1	7824	C	G	0		1/1
KX722529.1	7827	C	T	0		1/1
KX722529.1	7854	C	T	0		1/1
KX722529.1	7863	T	C	0		1/1
KX722529.1	7874	CA	TG	0		1/1
KX722529.1	7881	T	C	0		1/1
KX722529.1	7896	T	C	0		1/1
KX722529.1	7922	A	G	0		1/1
KX722529.1	7932	C	T	0		1/1
KX722529.1	7941	GG	AA	0		1/1
KX722529.1	7944	C	T	0		1/1
KX722529.1	7947	C	A	0		1/1
KX722529.1	7960	G	A	0		1/1
KX722529.1	7989	T	A	0		1/1
KX722529.1	7998	C	T	0		1/1
KX722529.1	8001	A	G	0		1/1
KX722529.1	8040	T	C	0		1/1
KX722529.1	8046	T	A	0.285714		0/1
KX722529.1	8082	T	C	0		1/1
KX722529.1	8089	C	T	0		1/1
KX722529.1	8092	C	A	0		1/1
KX722529.1	8094	G	A	0		1/1
KX722529.1	8112	G	T	0		1/1
KX722529.1	8141	C	T	0		1/1
KX722529.1	8145	A	G	0		1/1
KX722529.1	8154	T	C	0		1/1
KX722529.1	8187	C	T	0		1/1
KX722529.1	8193	T	C	0		1/1
KX722529.1	8205	G	T	0		1/1
KX722529.1	8211	A	C	0		1/1
KX722529.1	8230	A	T	0		1/1
KX722529.1	8233	C	T	0		1/1
KX722529.1	8241	CT	TG	0		1/1
KX722529.1	8244	T	C	0		1/1
KX722529.1	8280	T	C	0		1/1
KX722529.1	8283	A	G	0		1/1
KX722529.1	8289	C	T	0		1/1
KX722529.1	8310	T	C	0		1/1
KX722529.1	8313	T	C	0		1/1
KX722529.1	8317	A	G	0		1/1
KX722529.1	8319	C	T	0		1/1
KX722529.1	8445	A	G	0		1/1
KX722529.1	8490	T	C	0		1/1
KX722529.1	8523	A	C	0		1/1
KX722529.1	8526	A	G	0		1/1
KX722529.1	8535	A	C	0		1/1
KX722529.1	8550	CT	TG	0		1/1
KX722529.1	8562	T	G	0		1/1
KX722529.1	8581	T	G	0		1/1
KX722529.1	8598	CC	TT	0		1/1
KX722529.1	8622	A	G	0		1/1
KX722529.1	8637	G	A	0		1/1
KX722529.1	8649	C	T	0		1/1
KX722529.1	8670	A	G	0		1/1
KX722529.1	8676	C	T	0		1/1
KX722529.1	8679	C	T	0		1/1
KX722529.1	8688	C	A	0		1/1
KX722529.1	8727	G	A	0		1/1
KX722529.1	8742	T	C	0		1/1
KX722529.1	8746	C	T	0		1/1
KX722529.1	8748	C	T	0		1/1
KX722529.1	8802	A	T	0		1/1
KX722529.1	8805	T	C	0		1/1
KX722529.1	8910	A	G	0		1/1
KX722529.1	8919	T	C	0		1/1
KX722529.1	8928	A	G	0		1/1
KX722529.1	8937	T	C	0.833333		0/1
KX722529.1	8940	C	A	0		1/1
KX722529.1	8964	T	C	0		1/1
KX722529.1	8968	A	G	0		1/1
KX722529.1	8973	G	T	0		1/1
KX722529.1	8976	G	A	0		1/1
KX722529.1	8994	G	A	0		1/1
KX722529.1	9006	C	T	0		1/1
KX722529.1	9012	T	C	0		1/1
KX722529.1	9021	T	C	0		1/1
KX722529.1	9030	T	A	0		1/1
KX722529.1	9033	C	A	0		1/1
KX722529.1	9036	C	T	0		1/1
KX722529.1	9042	C	T	0		1/1
KX722529.1	9045	C	T	0		1/1
KX722529.1	9057	T	C	0		1/1
KX722529.1	9072	C	T	0		1/1
KX722529.1	9075	A	C	0		1/1
KX722529.1	9078	G	A	0		1/1
KX722529.1	9087	C	T	0		1/1
KX722529.1	9096	A	T	0		1/1
KX722529.1	9138	C	A	0		1/1
KX722529.1	9144	T	C	0		1/1
KX722529.1	9195	A	G	0		1/1
KX722529.1	9219	T	C	0		1/1
KX722529.1	9234	T	C	0		1/1
KX722529.1	9242	A	G	0		1/1
KX722529.1	9246	C	T	0		1/1
KX722529.1	9264	T	C	0		1/1
KX722529.1	9291	T	C	0		1/1
KX722529.1	9306	A	T	0		1/1
KX722529.1	9309	T	C	0		1/1
KX722529.1	9342	G	A	0		1/1
KX722529.1	9348	T	A	0		1/1
KX722529.1	9351	T	C	0		1/1
KX722529.1	9357	C	T	0		1/1
KX722529.1	9385	T	C	0		1/1
KX722529.1	9411	A	G	0		1/1
KX722529.1	9426	A	G	0		1/1
KX722529.1	9429	G	A	0		1/1
KX722529.1	9438	T	C	0		1/1
KX722529.1	9444	C	T	0		1/1
KX722529.1	9450	T	C	0		1/1
KX722529.1	9456	AA	A	0.285714		0/1
KX722529.1	9468	A	G	0		1/1
KX722529.1	9508	C	T	0		1/1
KX722529.1	9513	A	G	0		1/1
KX722529.1	9544	A	G	0		1/1
KX722529.1	9570	C	T	0		1/1
KX722529.1	9618	T	C	0		1/1
KX722529.1	9631	G	T	0		1/1
KX722529.1	9654	A	G	0		1/1
KX722529.1	9678	C	T	0.4		0/1
KX722529.1	9701	A	G	0		1/1
KX722529.1	9714	GT	AC	0		1/1
KX722529.1	9717	A	G	0		1/1
KX722529.1	9723	A	G	0		1/1
KX722529.1	9727	A	G	0		1/1
KX722529.1	9740	A	G	0		1/1
KX722529.1	9756	A	T	0		1/1
KX722529.1	9768	A	G	0		1/1
KX722529.1	9771	T	A	0		1/1
KX722529.1	9780	GT	TC	0		1/1
KX722529.1	9783	A	G	0		1/1
KX722529.1	9798	A	G	0		1/1
KX722529.1	9813	A	G	0		1/1
KX722529.1	9840	G	A	0		1/1
KX722529.1	9855	A	G	0		1/1
KX722529.1	9858	A	G	0		1/1
KX722529.1	9874	A	T	0		1/1
KX722529.1	9882	C	T	0.222222		0/1
KX722529.1	9885	G	C	0		1/1
KX722529.1	9888	C	T	0		1/1
KX722529.1	9894	C	T	0		1/1
KX722529.1	9900	G	A	0		1/1
KX722529.1	9912	G	A	0		1/1
KX722529.1	9915	C	T	0		1/1
KX722529.1	9918	T	C	0		1/1
KX722529.1	9945	T	C	0		1/1
KX722529.1	9948	G	A	0		1/1
KX722529.1	9964	A	G	0		1/1
KX722529.1	9975	C	T	0		1/1
KX722529.1	9981	G	A	0		1/1
KX722529.1	10017	C	T	0		1/1
KX722529.1	10032	C	T	0		1/1
KX722529.1	10038	C	A	0		1/1
KX722529.1	10044	G	A	0		1/1
KX722529.1	10057	A	G	0		1/1
KX722529.1	10059	C	T	0		1/1
KX722529.1	10074	C	T	0		1/1
KX722529.1	10078	G	T	0		1/1
KX722529.1	10083	C	T	0		1/1
KX722529.1	10122	G	A	0		1/1
KX722529.1	10129	A	G	0		1/1
KX722529.1	10134	C	T	0		1/1
KX722529.1	10140	C	T	0		1/1
KX722529.1	10143	T	C	0		1/1
KX722529.1	10581	A	G	0		1/1
KX722529.1	10587	G	A	0		1/1
KX722529.1	10599	C	T	0		1/1
KX722529.1	10611	C	T	0		1/1
KX722529.1	10626	C	T	0		1/1
KX722529.1	10644	T	A	0		1/1
KX722529.1	10671	T	C	0		1/1
KX722529.1	10743	A	G	0		1/1
KX722529.1	10752	C	T	0		1/1
KX722529.1	10758	T	G	0		1/1
KX722529.1	10764	T	C	0		1/1
KX722529.1	10771	T	C	0		1/1
KX722529.1	10776	C	T	0		1/1
KX722529.1	10806	A	G	0		1/1
KX722529.1	10812	T	C	0		1/1
KX722529.1	10839	C	T	0		1/1
KX722529.1	10848	T	C	0		1/1
KX722529.1	10893	G	A	0		1/1
KX722529.1	10899	C	T	0		1/1
KX722529.1	10908	G	A	0		1/1
KX722529.1	10911	C	T	0		1/1
KX722529.1	10935	C	T	0		1/1
KX722529.1	10962	C	T	0		1/1
KX722529.1	10971	A	G	0		1/1
KX722529.1	10995	A	G	0		1/1
KX722529.1	11061	T	C	0		1/1
KX722529.1	11088	A	G	0		1/1
KX722529.1	11103	T	C	0		1/1
KX722529.1	11112	T	C	0		1/1
KX722529.1	11121	A	G	0		1/1
KX722529.1	11127	GG	AT	0		1/1
KX722529.1	11133	A	C	0		1/1
KX722529.1	11151	C	T	0		1/1
KX722529.1	11196	T	C	0		1/1
KX722529.1	11217	A	G	0		1/1
KX722529.1	11265	T	C	0		1/1
KX722529.1	11320	C	T	0		1/1
KX722529.1	11328	C	T	0		1/1
KX722529.1	11355	CG	TA	0		1/1
KX722529.1	11405	A	G	0		1/1
KX722529.1	11409	TG	CA	0		1/1
KX722529.1	11439	A	T	0		1/1
KX722529.1	11445	A	G	0		1/1
KX722529.1	11451	A	G	0		1/1
KX722529.1	11485	A	G	0		1/1
KX722529.1	11507	A	G	0		1/1
KX722529.1	11511	C	A	0		1/1
KX722529.1	11526	C	T	0		1/1
KX722529.1	11531	G	C	0		1/1
KX722529.1	11553	A	G	0		1/1
KX722529.1	11568	T	C	0		1/1
KX722529.1	11592	G	A	0		1/1
KX722529.1	11629	T	A	0		1/1
KX722529.1	11631	T	G	0		1/1
KX722529.1	11637	C	T	0		1/1
KX722529.1	11640	C	T	0		1/1
KX722529.1	11721	G	A	0		1/1
KX722529.1	11739	C	T	0		1/1
KX722529.1	11742	A	G	0		1/1
KX722529.1	11793	C	T	0		1/1
KX722529.1	11796	C	T	0		1/1
KX722529.1	11802	A	G	0		1/1
KX722529.1	11811	T	C	0		1/1
KX722529.1	11829	CC	TT	0		1/1
KX722529.1	11832	A	G	0		1/1
KX722529.1	11856	C	T	0		1/1
KX722529.1	11859	G	T	0		1/1
KX722529.1	11862	A	T	0		1/1
KX722529.1	11877	A	G	0		1/1
KX722529.1	11884	T	C	0		1/1
KX722529.1	11889	A	G	0		1/1
KX722529.1	11892	G	T	0		1/1
KX722529.1	11904	A	T	0		1/1
KX722529.1	11913	T	A	0		1/1
KX722529.1	12009	C	T	0		1/1
KX722529.1	12015	C	A	0		1/1
KX722529.1	12024	C	T	0		1/1
KX722529.1	12030	C	T	0		1/1
KX722529.1	12072	C	T	0		1/1
KX722529.1	12084	G	A	0		1/1
KX722529.1	12087	C	T	0		1/1
KX722529.1	12099	T	A	0		1/1
KX722529.1	12114	C	T	0		1/1
KX722529.1	12126	C	T	0		1/1
KX722529.1	12153	G	C	0		1/1
KX722529.1	12171	T	C	0		1/1
KX722529.1	12180	C	G	0		1/1
KX722529.1	12192	C	T	0		1/1
KX722529.1	12377	G	A	0		1/1
KX722529.1	12380	C	A	0		1/1
KX722529.1	12398	C	T	0		1/1
KX722529.1	12410	C	T	0		1/1
KX722529.1	12425	T	C	0		1/1
KX722529.1	12463	G	A	0		1/1
KX722529.1	12479	A	C	0		1/1
KX722529.1	12492	G	A	0		1/1
KX722529.1	12561	A	G	0		1/1
KX722529.1	12662	G	A	0		1/1
KX722529.1	12713	A	G	0		1/1
KX722529.1	12743	GT	AG	0		1/1
KX722529.1	12749	C	T	0		1/1
KX722529.1	12752	T	C	0.75		0/1
KX722529.1	12773	C	T	0.8		0/1
KX722529.1	12779	T	A	0		1/1
KX722529.1	12803	A	T	0		1/1
KX722529.1	12815	A	G	0		1/1
KX722529.1	12851	G	A	0		1/1
KX722529.1	12866	T	A	0		1/1
KX722529.1	12902	A	T	0		1/1
KX722529.1	12914	T	C	0		1/1
KX722529.1	12932	T	C	0		1/1
KX722529.1	12944	C	T	0		1/1
KX722529.1	12961	C	A	0.285714		0/1
KX722529.1	12980	C	T	0		1/1
KX722529.1	12995	C	T	0		1/1
KX722529.1	13061	T	C	0		1/1
KX722529.1	13094	G	A	0		1/1
KX722529.1	13109	T	C	0		1/1
KX722529.1	13118	T	C	0		1/1
KX722529.1	13124	A	G	0		1/1
KX722529.1	13133	TC	CA	0.875		0/1
KX722529.1	13160	A	C	0		1/1
KX722529.1	13214	T	C	0		1/1
KX722529.1	13232	G	A	0		1/1
KX722529.1	13250	C	T	0		1/1
KX722529.1	13262	T	C	0		1/1
KX722529.1	13310	T	C	0		1/1
KX722529.1	13319	C	T	0		1/1
KX722529.1	13346	G	A	0		1/1
KX722529.1	13385	C	T	0		1/1
KX722529.1	13397	T	G	0		1/1
KX722529.1	13415	T	C	0		1/1
KX722529.1	13421	G	A	0		1/1
KX722529.1	13424	G	A	0		1/1
KX722529.1	13445	G	A	0		1/1
KX722529.1	13448	A	G	0		1/1
KX722529.1	13457	A	G	0		1/1
KX722529.1	13460	T	C	0		1/1
KX722529.1	13517	G	A	0		1/1
KX722529.1	13535	A	T	0		1/1
KX722529.1	13538	T	G	0		1/1
KX722529.1	13544	T	C	0		1/1
KX722529.1	13604	C	T	0		1/1
KX722529.1	13625	A	G	0		1/1
KX722529.1	13640	T	C	0		1/1
KX722529.1	13655	T	C	0		1/1
KX722529.1	13676	A	G	0		1/1
KX722529.1	13679	CA	TG	0		1/1
KX722529.1	13688	G	A	0		1/1
KX722529.1	13693	A	T	0		1/1
KX722529.1	13703	T	C	0		1/1
KX722529.1	13721	T	C	0		1/1
KX722529.1	13727	T	A	0		1/1
KX722529.1	13742	T	C	0		1/1
KX722529.1	13781	C	T	0		1/1
KX722529.1	13784	A	G	0		1/1
KX722529.1	13793	C	T	0		1/1
KX722529.1	13952	T	C	0		1/1
KX722529.1	13955	C	T	0		1/1
KX722529.1	13964	A	G	0		1/1
KX722529.1	13973	C	T	0		1/1
KX722529.1	13976	T	A	0		1/1
KX722529.1	13985	G	A	0		1/1
KX722529.1	14006	G	A	0		1/1
KX722529.1	14018	T	C	0		1/1
KX722529.1	14039	C	T	0		1/1
KX722529.1	14045	A	T	0		1/1
KX722529.1	14057	A	G	0		1/1
KX722529.1	14189	C	A	0		1/1
KX722529.1	14207	A	G	0		1/1
KX722529.1	14216	C	G	0		1/1
KX722529.1	14255	T	C	0		1/1
KX722529.1	14267	A	G	0		1/1
KX722529.1	14294	C	A	0		1/1
KX722529.1	14300	C	T	0		1/1
KX722529.1	14309	T	A	0		1/1
KX722529.1	14321	T	C	0		1/1
KX722529.1	14342	T	A	0		1/1
KX722529.1	14348	T	A	0		1/1
KX722529.1	14360	T	A	0		1/1
KX722529.1	14414	G	A	0		1/1
KX722529.1	14435	C	T	0		1/1
KX722529.1	14448	G	T	0		1/1
KX722529.1	14450	C	T	0		1/1
KX722529.1	14471	T	C	0		1/1
KX722529.1	14474	C	T	0		1/1
KX722529.1	14480	C	T	0.888889		0/1
KX722529.1	14489	T	C	0		1/1
KX722529.1	14493	A	G	0		1/1
KX722529.1	14495	T	G	0		1/1
KX722529.1	14501	C	T	0		1/1
KX722529.1	14504	C	T	0		1/1
KX722529.1	14513	C	T	0		1/1
KX722529.1	14519	T	C	0		1/1
KX722529.1	14523	A	G	0		1/1
KX722529.1	14528	C	T	0		1/1
KX722529.1	14555	T	C	0		1/1
KX722529.1	14570	T	C	0		1/1
KX722529.1	14597	C	T	0		1/1
KX722529.1	14636	C	T	0		1/1
KX722529.1	14642	G	A	0		1/1
KX722529.1	14648	C	T	0		1/1
KX722529.1	14654	C	T	0		1/1
KX722529.1	14660	A	G	0		1/1
KX722529.1	14678	G	A	0		1/1
KX722529.1	14687	A	G	0		1/1
KX722529.1	14720	T	C	0		1/1
KX722529.1	14726	A	G	0		1/1
KX722529.1	14741	G	A	0		1/1
KX722529.1	14753	A	G	0		1/1
KX722529.1	14759	T	C	0		1/1
KX722529.1	14762	T	C	0		1/1
KX722529.1	14765	C	T	0		1/1
KX722529.1	14768	C	T	0		1/1
KX722529.1	14777	C	T	0		1/1
KX722529.1	14780	A	G	0		1/1
KX722529.1	14813	T	C	0		1/1
KX722529.1	14834	A	G	0		1/1
KX722529.1	14843	C	T	0		1/1
KX722529.1	14855	A	G	0		1/1
KX722529.1	14867	T	C	0		1/1
KX722529.1	14870	A	G	0		1/1
KX722529.1	14888	G	A	0		1/1
KX722529.1	14891	T	C	0		1/1
KX722529.1	14894	A	G	0		1/1
KX722529.1	14915	C	T	0		1/1
KX722529.1	14921	G	A	0		1/1
KX722529.1	14927	T	C	0		1/1
KX722529.1	14932	CC	TT	0		1/1
KX722529.1	14954	C	T	0		1/1
KX722529.1	14957	G	A	0		1/1
KX722529.1	14961	AA	CG	0		1/1
KX722529.1	14966	A	T	0		1/1
KX722529.1	14978	T	C	0		1/1
KX722529.1	14990	A	T	0		1/1
KX722529.1	14999	T	C	0		1/1
KX722529.1	15002	C	T	0		1/1
KX722529.1	15044	C	T	0		1/1
KX722529.1	15068	C	T	0		1/1
KX722529.1	15083	A	T	0		1/1
KX722529.1	15086	T	C	0		1/1
KX722529.1	15125	T	C	0		1/1
KX722529.1	15149	T	C	0		1/1
KX722529.1	15153	C	T	0		1/1
KX722529.1	15158	C	T	0		1/1
KX722529.1	15173	C	T	0		1/1
KX722529.1	15188	C	T	0		1/1
KX722529.1	15221	T	A	0		1/1
KX722529.1	15245	T	C	0		1/1
KX722529.1	15267	C	T	0		1/1
KX722529.1	15269	A	G	0		1/1
KX722529.1	15278	A	T	0		1/1
KX722529.1	15299	C	T	0		1/1
KX722529.1	15326	G	T	0		1/1
KX722529.1	15353	C	T	0		1/1
KX722529.1	15440	C	T	0		1/1
KX722529.1	15452	T	C	0		1/1
KX722529.1	15530	A	T	0		1/1
KX722529.1	15542	A	G	0		1/1
KX722529.1	15551	G	T	0		1/1
KX722529.1	15557	C	A	0		1/1
KX722529.1	15594	G	A	0		1/1
KX722529.1	15629	A	G	0		1/1
KX722529.1	15704	T	C	0		1/1
KX722529.1	15719	G	A	0		1/1
KX722529.1	15767	G	A	0		1/1
KX722529.1	15792	G	T	0		1/1
KX722529.1	15796	A	G	0		1/1
KX722529.1	15848	G	A	0		1/1
KX722529.1	15851	C	T	0		1/1
KX722529.1	15897	A	G	0		1/1
KX722529.1	15923	T	C	0		1/1
KX722529.1	15986	G	A	0		1/1
KX722529.1	16010	T	C	0		1/1
KX722529.1	16016	C	T	0		1/1
KX722529.1	16043	A	G	0		1/1
KX722529.1	16124	G	A	0		1/1
KX722529.1	16154	C	T	0		1/1
KX722529.1	16190	T	C	0		1/1
KX722529.1	16262	C	T	0		1/1
KX722529.1	16268	T	C	0		1/1
KX722529.1	16298	T	G	0		1/1
KX722529.1	16337	A	G	0		1/1
KX722529.1	16352	T	C	0		1/1
KX722529.1	16385	T	A	0		1/1
KX722529.1	16409	T	C	0		1/1
KX722529.1	16424	A	G	0		1/1
KX722529.1	16430	T	C	0		1/1
KX722529.1	16442	T	C	0		1/1
KX722529.1	16448	T	C	0		1/1
KX722529.1	16454	C	T	0		1/1
KX722529.1	16457	G	A	0		1/1
KX722529.1	16484	T	G	0		1/1
KX722529.1	16499	C	T	0		1/1
KX722529.1	16502	A	G	0		1/1
KX722529.1	16517	A	T	0		1/1
KX722529.1	16553	T	C	0		1/1
KX722529.1	16560	C	T	0		1/1
KX722529.1	16802	T	C	0		1/1
KX722529.1	16862	A	C	0		1/1
KX722529.1	16874	A	G	0		1/1
KX722529.1	16877	A	G	0		1/1
KX722529.1	16880	A	G	0		1/1
KX722529.1	16891	T	C	0		1/1
KX722529.1	16913	C	T	0		1/1
KX722529.1	16916	G	A	0		1/1
KX722529.1	16925	G	A	0		1/1
KX722529.1	16928	G	T	0.666667		0/1
KX722529.1	16951	TC	CG	0		1/1
KX722529.1	16964	T	C	0		1/1
KX722529.1	16982	G	A	0		1/1
KX722529.1	16994	T	C	0		1/1
KX722529.1	17012	T	C	0		1/1
KX722529.1	17036	C	T	0		1/1
KX722529.1	17066	A	G	0		1/1
KX722529.1	17078	A	G	0		1/1
KX722529.1	17114	C	T	0		1/1
KX722529.1	17126	T	G	0		1/1
KX722529.1	17150	C	T	0		1/1
KX722529.1	17177	CA	TG	0		1/1
KX722529.1	17246	A	C	0		1/1
KX722529.1	17279	A	G	0		1/1
KX722529.1	17291	A	T	0		1/1
KX722529.1	17294	G	A	0		1/1
KX722529.1	17321	C	T	0		1/1
KX722529.1	17366	G	A	0		1/1
KX722529.1	17387	C	T	0		1/1
KX722529.1	17390	T	C	0		1/1
KX722529.1	17402	T	C	0		1/1
KX722529.1	17411	A	T	0		1/1
KX722529.1	17423	T	C	0		1/1
KX722529.1	17447	T	A	0		1/1
KX722529.1	17456	G	A	0		1/1
KX722529.1	17468	T	C	0		1/1
KX722529.1	17480	T	C	0		1/1
KX722529.1	17513	A	G	0		1/1
KX722529.1	17519	C	T	0		1/1
KX722529.1	17528	C	T	0		1/1
KX722529.1	17540	T	C	0		1/1
KX722529.1	17543	C	G	0		1/1
KX722529.1	17549	C	T	0		1/1
KX722529.1	17558	G	A	0		1/1
KX722529.1	17576	T	C	0		1/1
KX722529.1	17582	A	G	0		1/1
KX722529.1	17585	C	T	0		1/1
KX722529.1	17609	A	G	0		1/1
KX722529.1	17621	T	C	0		1/1
KX722529.1	17631	C	T	0		1/1
KX722529.1	17681	G	A	0		1/1
KX722529.1	17711	T	C	0		1/1
KX722529.1	17729	T	C	0		1/1
KX722529.1	17765	C	T	0		1/1
KX722529.1	17789	T	C	0		1/1
KX722529.1	17855	T	C	0		1/1
KX722529.1	17891	T	C	0		1/1
KX722529.1	17899	C	T	0		1/1
KX722529.1	17912	A	G	0		1/1
KX722529.1	17984	C	A	0		1/1
KX722529.1	18020	T	C	0		1/1
KX722529.1	18050	T	C	0		1/1
KX722529.1	18062	T	C	0		1/1
KX722529.1	18068	A	T	0		1/1
KX722529.1	18071	T	A	0		1/1
KX722529.1	18081	C	T	0		1/1
KX722529.1	18111	C	T	0		1/1
KX722529.1	18122	C	T	0		1/1
KX722529.1	18125	T	C	0		1/1
KX722529.1	18140	G	A	0		1/1
KX722529.1	18161	A	G	0		1/1
KX722529.1	18185	G	A	0		1/1
KX722529.1	18194	C	T	0		1/1
KX722529.1	18197	T	C	0		1/1
KX722529.1	18200	C	T	0		1/1
KX722529.1	18203	T	A	0		1/1
KX722529.1	18209	C	T	0		1/1
KX722529.1	18227	G	A	0		1/1
KX722529.1	18232	CC	TT	0		1/1
KX722529.1	18239	C	T	0		1/1
KX722529.1	18242	A	G	0		1/1
KX722529.1	18254	T	C	0		1/1
KX722529.1	18260	T	C	0		1/1
KX722529.1	18269	C	T	0.7		0/1
KX722529.1	18290	T	C	0		1/1
KX722529.1	18323	G	A	0		1/1
KX722529.1	18335	T	C	0		1/1
KX722529.1	18342	T	G	0		1/1
KX722529.1	18374	C	T	0		1/1
KX722529.1	18382	A	G	0		1/1
KX722529.1	18422	C	T	0		1/1
KX722529.1	18446	T	C	0		1/1
KX722529.1	18605	G	T	0		1/1
KX722529.1	18614	A	G	0		1/1
KX722529.1	18638	T	A	0		1/1
KX722529.1	18663	G	A	0		1/1
KX722529.1	18675	C	T	0		1/1
KX722529.1	18761	T	C	0		1/1
KX722529.1	18791	T	C	0.8		0/1
KX722529.1	18800	T	C	0		1/1
KX722529.1	18803	T	C	0		1/1
KX722529.1	18821	G	A	0		1/1
KX722529.1	18830	A	G	0		1/1
KX722529.1	18857	G	A	0		1/1
KX722529.1	18872	A	T	0		1/1
KX722529.1	18899	C	T	0		1/1
KX722529.1	18920	A	G	0		1/1
KX722529.1	18974	A	G	0		1/1
KX722529.1	19076	T	C	0		1/1
KX722529.1	19106	T	C	0		1/1
KX722529.1	19112	C	T	0		1/1
KX722529.1	19133	T	A	0		1/1
KX722529.1	19205	T	G	0		1/1
KX722529.1	19223	T	C	0		1/1
KX722529.1	19235	A	G	0		1/1
KX722529.1	19272	T	G	0		1/1
KX722529.1	19343	C	T	0		1/1
KX722529.1	19352	C	T	0		1/1
KX722529.1	19358	A	G	0		1/1
KX722529.1	19374	A	G	0		1/1
KX722529.1	19385	T	C	0		1/1
KX722529.1	19415	G	T	0		1/1
KX722529.1	19422	C	A	0		1/1
KX722529.1	19442	A	C	0		1/1
KX722529.1	19472	C	T	0		1/1
KX722529.1	19490	T	C	0		1/1
KX722529.1	19541	T	C	0		1/1
KX722529.1	19544	G	A	0		1/1
KX722529.1	19589	T	C	0		1/1
KX722529.1	19592	C	A	0		1/1
KX722529.1	19607	T	C	0		1/1
KX722529.1	19610	C	T	0		1/1
KX722529.1	19631	T	C	0		1/1
KX722529.1	19634	A	G	0		1/1
KX722529.1	19637	C	T	0		1/1
KX722529.1	19661	A	G	0		1/1
KX722529.1	19670	C	T	0		1/1
KX722529.1	19679	T	C	0		1/1
KX722529.1	19682	T	A	0		1/1
KX722529.1	19685	T	A	0		1/1
KX722529.1	19805	C	T	0		1/1
KX722529.1	19808	T	C	0		1/1
KX722529.1	19856	C	A	0		1/1
KX722529.1	20033	A	T	0.4		0/1
KX722529.1	20051	A	G	0		1/1
KX722529.1	20075	C	T	0		1/1
KX722529.1	20094	A	T	0		1/1
KX722529.1	20104	T	C	0		1/1
KX722529.1	20106	G	A	0		1/1
KX722529.1	20117	C	G	0		1/1
KX722529.1	20177	C	T	0		1/1
KX722529.1	20180	T	G	0.857143		0/1
KX722529.1	20192	C	T	0		1/1
KX722529.1	20210	T	C	0.875		0/1
KX722529.1	20237	T	C	0.9		0/1
KX722529.1	20306	C	T	0		1/1
KX722529.1	20345	C	T	0.857143		0/1
KX722529.1	20489	A	G	0		1/1
KX722529.1	20497	T	A	0		1/1
KX722529.1	20506	T	A	0		1/1
KX722529.1	20509	G	A	0		1/1
KX722529.1	20524	C	T	0		1/1
KX722529.1	20527	C	T	0		1/1
KX722529.1	20530	A	G	0		1/1
KX722529.1	20533	A	C	0		1/1
KX722529.1	20544	GG	AT	0		1/1
KX722529.1	20550	AT	CG	0		1/1
KX722529.1	20569	T	C	0		1/1
KX722529.1	20855	GG	AC	0		1/1
KX722529.1	20863	T	G	0		1/1
KX722529.1	20873	A	G	0		1/1
KX722529.1	20878	C	T	0		1/1
KX722529.1	20893	C	T	0		1/1
KX722529.1	20895	G	A	0		1/1
KX722529.1	20902	C	T	0		1/1
KX722529.1	20956	T	A	0		1/1
KX722529.1	20958	C	A	0		1/1
KX722529.1	20965	A	G	0		1/1
KX722529.1	20971	C	T	0		1/1
KX722529.1	20974	T	C	0		1/1
KX722529.1	20980	T	G	0		1/1
KX722529.1	20983	C	T	0		1/1
KX722529.1	20995	A	G	0		1/1
KX722529.1	21002	A	G	0		1/1
KX722529.1	21013	C	T	0		1/1
KX722529.1	21020	G	A	0		1/1
KX722529.1	21094	C	T	0		1/1
KX722529.1	21103	CG	TA	0		1/1
KX722529.1	21112	C	T	0		1/1
KX722529.1	21193	T	C	0		1/1
KX722529.1	21202	A	T	0.666667		0/1
KX722529.1	21211	T	C	0		1/1
KX722529.1	21226	C	T	0.666667		0/1
KX722529.1	21229	C	T	0		1/1
KX722529.1	21235	T	C	0.666667		0/1
KX722529.1	21238	T	C	0		1/1
KX722529.1	21394	T	G	0		1/1
KX722529.1	21400	T	A	0.777778		0/1
KX722529.1	21406	G	A	0.777778		0/1
KX722529.1	21430	C	T	0.7		0/1
KX722529.1	21439	T	C	0.363636		0/1
KX722529.1	21442	C	T	0		1/1
KX722529.1	21445	A	G	0.5		0/1
KX722529.1	21447	AG	CT,TT	0.333333,0.222222		0/1
KX722529.1	21451	CA	AT,GA	0.555556,0.444444		1/2
KX722529.1	21457	T	G	0.4		0/1
KX722529.1	21463	T	A	0.4		0/1
KX722529.1	21470	T	C	0.6		0/1
KX722529.1	21482	G	C	0.625		0/1
KX722529.1	21484	G	A	0.375		0/1
KX722529.1	21490	T	C	0		1/1
KX722529.1	21502	C	T	0		1/1
KX722529.1	21517	C	T	0.6		0/1
KX722529.1	21527	G	A	0.333333		0/1
KX722529.1	21529	C	A,T	0.666667,0.333333		1/2
KX722529.1	21538	C	T	0.285714		0/1
KX722529.1	21539	C	A	0.714286		0/1
KX722529.1	21541	G	A	0.714286		0/1
KX722529.1	21550	T	C	0		1/1
KX722529.1	21553	C	T	0.285714		0/1
KX722529.1	21557	GCT	AGC,CCT	0.285714,0.714286		1/2
KX722529.1	21565	T	C	0		1/1
KX722529.1	21571	T	A	0.285714		0/1
KX722529.1	21577	T	C	0		1/1
KX722529.1	21583	A	C,T	0.25,0.75		1/2
KX722529.1	21585	TG	AT	0.25		0/1
KX722529.1	21592	T	C	0.333333		0/1
KX722529.1	21607	C	T	0.666667		0/1
KX722529.1	21609	A	C	0.666667		0/1
KX722529.1	21616	A	T	0		1/1
KX722529.1	21619	C	T	0.714286		0/1
KX722529.1	21623	G	A	0.25		0/1
KX722529.1	21631	T	C	0		1/1
KX722529.1	21650	C	T	0.75		0/1
KX722529.1	21655	A	T	0.75		0/1
KX722529.1	21680	G	A	0		1/1
KX722529.1	21685	G	A	0		1/1
KX722529.1	21688	C	T	0		1/1
KX722529.1	21692	T	G	0		1/1
KX722529.1	21709	T	C	0		1/1
KX722529.1	21721	T	C	0		1/1
KX722529.1	21723	G	A	0		1/1
KX722529.1	21730	G	A	0		1/1
KX722529.1	21733	T	A	0		1/1
KX722529.1	21769	A	G	0.833333		0/1
KX722529.1	21778	C	T	0		1/1
KX722529.1	21781	T	C	0.666667		0/1
KX722529.1	21787	T	A	0		1/1
KX722529.1	21790	A	C	0.666667		0/1
KX722529.1	21793	C	T	0		1/1
KX722529.1	21796	T	C	0.666667		0/1
KX722529.1	21802	C	T	0		1/1
KX722529.1	21808	A	G	0.666667		0/1
KX722529.1	21820	G	T	0.75		0/1
KX722529.1	21880	C	T	0		1/1
KX722529.1	21886	T	C	0		1/1
KX722529.1	21892	G	A	0		1/1
KX722529.1	21901	C	T	0		1/1
KX722529.1	21904	GC	AT	0		1/1
KX722529.1	21925	C	T	0		1/1
KX722529.1	21931	C	T	0		1/1
KX722529.1	22159	A	T	0		1/1
KX722529.1	22163	T	C	0		1/1
KX722529.1	22180	C	T	0		1/1
KX722529.1	22183	T	C	0		1/1
KX722529.1	22273	A	G	0		1/1
KX722529.1	22279	A	G	0.5		0/1
KX722529.1	22285	G	A	0		1/1
KX722529.1	22294	T	C	0.5		0/1
KX722529.1	22300	T	C	0		1/1
KX722529.1	22321	A	G	0		1/1
KX722529.1	22405	C	T	0		1/1
KX722529.1	22414	A	G	0		1/1
KX722529.1	22529	G	T	0		1/1
KX722529.1	22537	T	C	0		1/1
KX722529.1	22550	A	G	0		1/1
KX722529.1	22576	G	A	0		1/1
KX722529.1	22587	C	A	0		1/1
KX722529.1	22592	GAAA	TTGG	0		1/1
KX722529.1	22599	T	A	0		1/1
KX722529.1	22609	A	T	0		1/1
KX722529.1	22633	A	G	0		1/1
KX722529.1	22639	G	T	0		1/1
KX722529.1	22645	T	C	0		1/1
KX722529.1	22675	C	T	0		1/1
KX722529.1	22684	G	T	0		1/1
KX722529.1	22688	T	C	0		1/1
KX722529.1	22725	T	C	0		1/1
KX722529.1	22738	AC	CT	0		1/1
KX722529.1	22741	A	T	0		1/1
KX722529.1	22747	A	T	0		1/1
KX722529.1	22751	C	A	0		1/1
KX722529.1	22774	C	T	0		1/1
KX722529.1	22780	C	T	0		1/1
KX722529.1	22789	G	A	0		1/1
KX722529.1	22801	C	A	0		1/1
KX722529.1	22804	C	G	0		1/1
KX722529.1	22807	GA	TG	0		1/1
KX722529.1	22819	GTCT	AAGC	0		1/1
KX722529.1	22849	T	A	0		1/1
KX722529.1	22855	T	C	0		1/1
KX722529.1	22886	A	C	0		1/1
KX722529.1	22888	A	T	0		1/1
KX722529.1	22900	G	T	0		1/1
KX722529.1	22939	C	T	0		1/1
KX722529.1	22948	T	C	0		1/1
KX722529.1	22975	G	T	0		1/1
KX722529.1	22978	A	G	0		1/1
KX722529.1	23000	G	A	0		1/1
KX722529.1	23004	AA	GC,GG	0.333333,0.666667		1/2
KX722529.1	23023	C	T	0		1/1
KX722529.1	23044	T	C	0		1/1
KX722529.1	23077	C	T	0		1/1
KX722529.1	23092	A	G	0		1/1
KX722529.1	23098	C	T	0		1/1
KX722529.1	23155	T	C	0		1/1
KX722529.1	23158	A	T	0		1/1
KX722529.1	23167	T	C	0		1/1
KX722529.1	23170	C	T	0		1/1
KX722529.1	23176	A	G	0		1/1
KX722529.1	23200	T	C	0		1/1
KX722529.1	23209	TCT	AAC	0		1/1
KX722529.1	23228	C	T	0		1/1
KX722529.1	23230	T	G	0		1/1
KX722529.1	23239	C	T	0		1/1
KX722529.1	23251	C	T	0		1/1
KX722529.1	23426	C	T	0		1/1
KX722529.1	23437	T	C	0		1/1
KX722529.1	23443	TGA	CAG	0		1/1
KX722529.1	23464	T	C	0		1/1
KX722529.1	23482	C	A	0		1/1
KX722529.1	23708	T	C	0		1/1
KX722529.1	23728	G	A	0		1/1
KX722529.1	23731	T	C	0		1/1
KX722529.1	23746	A	G,T	0.75,0.25		1/2
KX722529.1	23750	T	C	0		1/1
KX722529.1	23753	GC	AG	0		1/1
KX722529.1	23761	T	C	0		1/1
KX722529.1	23764	C	T	0.666667		0/1
KX722529.1	23767	C	T	0		1/1
KX722529.1	23771	C	T	0		1/1
KX722529.1	23782	C	T	0		1/1
KX722529.1	23803	T	C	0		1/1
KX722529.1	23825	T	C	0		1/1
KX722529.1	23833	A	G	0		1/1
KX722529.1	23851	G	A	0		1/1
KX722529.1	23858	C	A	0		1/1
KX722529.1	23860	T	G	0		1/1
KX722529.1	23872	C	T	0		1/1
KX722529.1	23875	G	A	0		1/1
KX722529.1	23890	T	C	0		1/1
KX722529.1	23902	T	G	0		1/1
KX722529.1	23905	A	G	0		1/1
KX722529.1	23909	T	C	0		1/1
KX722529.1	23917	G	A	0		1/1
KX722529.1	23926	G	A	0		1/1
KX722529.1	23956	A	G	0		1/1
KX722529.1	23974	C	G	0		1/1
KX722529.1	23989	T	C	0		1/1
KX722529.1	23995	T	C	0		1/1
KX722529.1	23998	T	C	0		1/1
KX722529.1	24004	T	C	0		1/1
KX722529.1	24007	T	C	0		1/1
KX722529.1	24022	A	G	0		1/1
KX722529.1	24049	C	T	0		1/1
KX722529.1	24055	A	G	0		1/1
KX722529.1	24073	G	A	0		1/1
KX722529.1	24076	A	G	0		1/1
KX722529.1	24085	T	A	0		1/1
KX722529.1	24088	A	G	0		1/1
KX722529.1	24097	G	A	0		1/1
KX722529.1	24115	G	A	0		1/1
KX722529.1	24127	C	T	0		1/1
KX722529.1	24154	C	T	0		1/1
KX722529.1	24169	T	G	0		1/1
KX722529.1	24172	C	T	0		1/1
KX722529.1	24178	C	T	0		1/1
KX722529.1	24182	AA	GG	0		1/1
KX722529.1	24208	T	C	0		1/1
KX722529.1	24214	C	T	0		1/1
KX722529.1	24249	G	A	0		1/1
KX722529.1	24259	C	T	0		1/1
KX722529.1	24271	A	T	0		1/1
KX722529.1	24275	T	C	0		1/1
KX722529.1	24278	T	A	0		1/1
KX722529.1	24292	GG	AA	0		1/1
KX722529.1	24340	CT	TG	0		1/1
KX722529.1	24346	T	C	0		1/1
KX722529.1	24364	C	T	0		1/1
KX722529.1	24391	T	C	0		1/1
KX722529.1	24400	G	A	0		1/1
KX722529.1	24406	C	T	0		1/1
KX722529.1	24412	C	T	0		1/1
KX722529.1	24442	T	A	0		1/1
KX722529.1	24455	G	C	0		1/1
KX722529.1	24472	C	T	0		1/1
KX722529.1	24475	CGT	TAA	0		1/1
KX722529.1	24487	C	T	0		1/1
KX722529.1	24490	A	G	0		1/1
KX722529.1	24502	T	C	0.857143		0/1
KX722529.1	24512	C	T	0		1/1
KX722529.1	24514	T	A	0		1/1
KX722529.1	24523	A	G	0		1/1
KX722529.1	24551	G	A	0		1/1
KX722529.1	24556	A	G	0		1/1
KX722529.1	24574	G	A	0		1/1
KX722529.1	24595	T	C	0		1/1
KX722529.1	24610	C	A	0		1/1
KX722529.1	24625	A	G	0		1/1
KX722529.1	24652	T	A	0		1/1
KX722529.1	24670	C	T	0		1/1
KX722529.1	24679	C	A	0		1/1
KX722529.1	24688	T	C	0		1/1
KX722529.1	24707	C	A	0		1/1
KX722529.1	24709	T	A	0		1/1
KX722529.1	24712	A	G	0		1/1
KX722529.1	24720	AC	GT	0		1/1
KX722529.1	24724	C	T	0		1/1
KX722529.1	24730	T	C	0		1/1
KX722529.1	24733	T	C	0		1/1
KX722529.1	24772	A	G	0		1/1
KX722529.1	24798	G	T	0		1/1
KX722529.1	24804	A	T	0		1/1
KX722529.1	24816	G	A	0		1/1
KX722529.1	24820	G	A	0		1/1
KX722529.1	24852	A	T	0		1/1
KX722529.1	24860	C	A	0		1/1
KX722529.1	24867	T	A	0		1/1
KX722529.1	24942	T	G	0		1/1
KX722529.1	24952	G	A	0		1/1
KX722529.1	24955	T	C	0		1/1
KX722529.1	24958	CC	TT	0		1/1
KX722529.1	24964	TA	CC	0		1/1
KX722529.1	25021	G	A	0		1/1
KX722529.1	25030	G	A	0		1/1
KX722529.1	25033	T	C	0		1/1
KX722529.1	25093	A	G	0		1/1
KX722529.1	25096	A	C	0		1/1
KX722529.1	25116	A	G	0		1/1
KX722529.1	25123	T	C	0		1/1
KX722529.1	25129	A	T	0		1/1
KX722529.1	25133	G	T	0		1/1
KX722529.1	25156	C	T	0		1/1
KX722529.1	25158	G	A	0		1/1
KX722529.1	25191	C	T	0		1/1
KX722529.1	25202	C	T	0		1/1
KX722529.1	25206	A	T	0		1/1
KX722529.1	25209	C	T	0.857143		0/1
KX722529.1	25226	A	G	0.888889		0/1
KX722529.1	25231	A	G	0		1/1
KX722529.1	25236	A	G	0		1/1
KX722529.1	25245	T	G	0		1/1
KX722529.1	25260	T	C	0		1/1
KX722529.1	25262	G	A	0		1/1
KX722529.1	25266	C	T	0		1/1
KX722529.1	25278	T	C	0		1/1
KX722529.1	25293	T	C	0		1/1
KX722529.1	25315	T	C	0		1/1
KX722529.1	25377	A	G	0		1/1
KX722529.1	25422	C	T	0		1/1
KX722529.1	25456	T	C	0		1/1
KX722529.1	25465	G	A	0		1/1
KX722529.1	25482	T	C	0		1/1
KX722529.1	25509	C	T	0		1/1
KX722529.1	25518	C	T	0		1/1
KX722529.1	25556	C	T	0.25		0/1
KX722529.1	25565	T	C	0		1/1
KX722529.1	25599	A	G	0		1/1
KX722529.1	25602	C	T	0		1/1
KX722529.1	25635	C	G	0		1/1
KX722529.1	25675	A	G	0		1/1
KX722529.1	25684	T	C	0		1/1
KX722529.1	25699	T	C	0		1/1
KX722529.1	25707	A	T	0		1/1
KX722529.1	25713	G	A	0		1/1
KX722529.1	25737	C	T	0		1/1
KX722529.1	25743	A	T	0		1/1
KX722529.1	25755	A	G	0		1/1
KX722529.1	25836	A	G	0		1/1
KX722529.1	25894	T	C	0		1/1
KX722529.1	25897	C	T	0		1/1
KX722529.1	25906	T	C	0		1/1
KX722529.1	25925	A	G	0		1/1
KX722529.1	25978	T	G	0		1/1
KX722529.1	25984	C	T	0		1/1
KX722529.1	26002	C	T	0		1/1
KX722529.1	26009	C	T	0		1/1
KX722529.1	26017	T	A	0		1/1
KX722529.1	26023	T	C	0		1/1
KX722529.1	26044	G	C	0		1/1
KX722529.1	26083	TT	CC	0		1/1
KX722529.1	26112	A	G	0		1/1
KX722529.1	26117	G	A	0		1/1
KX722529.1	26144	T	C	0		1/1
KX722529.1	26146	C	T	0		1/1
KX722529.1	26149	T	A	0		1/1
KX722529.1	26153	A	T	0		1/1
KX722529.1	26159	T	C	0		1/1
KX722529.1	26168	T	C	0		1/1
KX722529.1	26231	T	C	0		1/1
KX722529.1	26249	T	C	0		1/1
KX722529.1	26285	A	T	0		1/1
KX722529.1	26304	A	G	0		1/1
KX722529.1	26349	G	A	0		1/1
KX722529.1	26387	C	T	0		1/1
KX722529.1	26417	C	T	0		1/1
KX722529.1	26420	T	C	0		1/1
KX722529.1	26426	TA	CC	0		1/1
KX722529.1	26429	T	A	0		1/1
KX722529.1	26472	A	G	0		1/1
KX722529.1	26475	G	C	0		1/1
KX722529.1	26489	T	C	0		1/1
KX722529.1	26493	G	A	0		1/1
KX722529.1	26606	A	T	0		1/1
KX722529.1	26615	T	A	0		1/1
KX722529.1	26621	C	T	0		1/1
KX722529.1	26624	T	A	0		1/1
KX722529.1	26627	T	A	0		1/1
KX722529.1	26634	G	A	0		1/1
KX722529.1	26636	G	T	0		1/1
KX722529.1	26660	TC	CT	0		1/1
KX722529.1	26675	C	T	0		1/1
KX722529.1	26687	T	A	0		1/1
KX722529.1	26705	C	G	0		1/1
KX722529.1	26711	A	G	0		1/1
KX722529.1	26721	G	A	0.25		0/1
KX722529.1	26735	G	A	0		1/1
KX722529.1	26768	A	G	0		1/1
KX722529.1	26774	AT	GC	0		1/1
KX722529.1	26795	G	A	0		1/1
KX722529.1	26891	A	G	0		1/1
KX722529.1	26913	G	A	0		1/1
KX722529.1	26930	C	T	0		1/1
KX722529.1	26949	G	T	0		1/1
KX722529.1	26960	C	T	0		1/1
KX722529.1	27010	T	A	0		1/1
KX722529.1	27013	A	T	0		1/1
KX722529.1	27017	T	C	0		1/1
KX722529.1	27020	T	C	0		1/1
KX722529.1	27029	T	C	0		1/1
KX722529.1	27041	A	G	0.857143		0/1
KX722529.1	27054	T	G	0		1/1
KX722529.1	27068	T	C	0		1/1
KX722529.1	27071	G	T	0		1/1
KX722529.1	27079	AA	GG	0		1/1
KX722529.1	27094	A	G	0		1/1
KX722529.1	27119	T	C	0		1/1
KX722529.1	27125	GG	AT	0		1/1
KX722529.1	27131	T	A	0		1/1
KX722529.1	27156	AA	GT	0		1/1
KX722529.1	27161	A	G	0		1/1
KX722529.1	27170	G	A	0		1/1
KX722529.1	27221	T	C	0		1/1
KX722529.1	27256	GA	AG,AA	0.6,0.4		1/2
KX722529.1	27266	T	C	0		1/1
KX722529.1	27272	C	T	0		1/1
KX722529.1	27290	C	T	0		1/1
KX722529.1	27311	A	C	0		1/1
KX722529.1	27314	C	T	0		1/1
KX722529.1	27317	A	G	0		1/1
KX722529.1	27347	C	T	0		1/1
KX722529.1	27392	A	T	0		1/1
KX722529.1	27401	G	A	0		1/1
KX722529.1	27412	CC	TT	0		1/1
KX722529.1	27421	GT	AC	0		1/1
KX722529.1	27425	G	A	0		1/1
KX722529.1	27434	C	T	0		1/1
KX722529.1	27450	C	T	0		1/1
KX722529.1	27458	C	T	0		1/1
KX722529.1	27464	T	C	0		1/1
KX722529.1	27466	C	A	0		1/1
KX722529.1	27516	GACAA	GA	0		1/1
KX722529.1	27527	G	T	0.857143		0/1
KX722529.1	27536	T	C	0		1/1
KX722529.1	27542	A	T	0		1/1
KX722529.1	27544	A	G	0		1/1
KX722529.1	27583	A	G	0		1/1
KX722529.1	27641	C	T	0		1/1
KX722529.1	27662	G	A	0		1/1
KX722529.1	27734	T	C	0		1/1
KX722529.1	27953	C	T	0		1/1
KX722529.1	27983	T	A	0		1/1
KX722529.1	27989	G	A	0		1/1
KX722529.1	28050	C	T	0.5		0/1
KX722529.1	28053	T	C	0.75		0/1
KX722529.1	28059	C	T	0		1/1
KX722529.1	28069	T	C	0		1/1
KX722529.1	28075	A	G	0		1/1
KX722529.1	28079	C	T	0		1/1
KX722529.1	28305	T	A	0		1/1
KX722529.1	28308	T	C	0.666667		0/1
KX722529.1	28459	A	G	0		1/1
KX722529.1	28465	T	A	0		1/1
KX722529.1	28492	A	T	0		1/1
KX722529.1	28511	T	C	0		1/1
KX722529.1	28522	A	G	0		1/1
KX722529.1	28543	CA	TG	0		1/1
KX722529.1	28555	C	T	0		1/1
KX722529.1	28583	TT	CC	0		1/1
KX722529.1	28597	T	C	0		1/1
KX722529.1	28607	T	C	0		1/1
KX722529.1	28621	T	C	0		1/1
KX722529.1	28624	C	T	0		1/1
KX722529.1	28690	G	A	0		1/1
KX722529.1	28714	G	A	0		1/1
KX722529.1	28783	T	C	0		1/1
KX722529.1	28789	A	G	0		1/1
KX722529.1	28795	CC	TG	0		1/1
KX722529.1	28807	C	T	0		1/1
KX722529.1	28814	C	A	0		1/1
KX722529.1	28816	T	A	0		1/1
KX722529.1	28838	G	A	0		1/1
KX722529.1	28886	G	A	0		1/1
KX722529.1	28942	C	A	0		1/1
KX722529.1	28946	C	A	0		1/1
KX722529.1	28948	T	C	0		1/1
KX722529.1	28965	T	C	0		1/1
