# [1]CHROM	[2]POS	[3]REF	[4]ALT	[5]AB		[6]MT500572:GT
MG953201.1	37	T	C	0		1/1
MG953201.1	57	C	G	0		1/1
MG953201.1	83	A	T	0		1/1
MG953201.1	200	G	A	0		1/1
MG953201.1	228	C	T	0		1/1
MG953201.1	250	T	G	0		1/1
MG953201.1	282	AA	CC	0		1/1
MG953201.1	299	C	T	0		1/1
MG953201.1	325	C	G	0		1/1
MG953201.1	361	T	C	0		1/1
MG953201.1	824	CAGGAGGAGGT	CAGGAGGT	0		1/1
MG953201.1	837	A	C	0		1/1
MG953201.1	912	CTGAGCGGCGGCGGCGGT	CC	0		1/1
MG953201.1	968	G	T	0		1/1
MG953201.1	977	G	A	0		1/1
MG953201.1	1106	G	A	0		1/1
MG953201.1	1167	C	T	0		1/1
MG953201.1	1362	C	A	0		1/1
MG953201.1	1392	T	C	0		1/1
MG953201.1	1456	G	A	0		1/1
MG953201.1	1485	T	G	0		1/1
MG953201.1	1562	C	T	0		1/1
MG953201.1	1641	G	C	0		1/1
MG953201.1	1666	C	G	0		1/1
MG953201.1	1676	G	C	0		1/1
MG953201.1	1738	A	G	0		1/1
MG953201.1	1805	G	A	0		1/1
MG953201.1	1931	G	T	0		1/1
MG953201.1	1952	T	C	0		1/1
MG953201.1	2050	TC	CT	0		1/1
MG953201.1	2065	T	A	0		1/1
MG953201.1	2316	G	A	0		1/1
MG953201.1	2350	C	T	0		1/1
MG953201.1	2391	T	C	0		1/1
MG953201.1	2405	T	C	0		1/1
MG953201.1	2640	C	A	0		1/1
MG953201.1	2706	G	A	0		1/1
MG953201.1	2728	C	T	0		1/1
MG953201.1	2805	A	G	0		1/1
MG953201.1	2836	G	T	0		1/1
MG953201.1	2856	G	C	0		1/1
MG953201.1	2958	G	A	0		1/1
MG953201.1	2970	T	C	0		1/1
MG953201.1	2984	A	G	0		1/1
MG953201.1	2986	C	G	0		1/1
MG953201.1	2989	T	C	0		1/1
MG953201.1	3022	GC	CG	0		1/1
MG953201.1	3047	TCAACAAC	TCAAA	0		1/1
MG953201.1	3106	T	G	0		1/1
MG953201.1	3210	G	C	0		1/1
MG953201.1	3248	G	A	0		1/1
MG953201.1	3260	A	G	0		1/1
MG953201.1	3263	G	A	0		1/1
MG953201.1	3308	G	C	0		1/1
MG953201.1	3335	A	G	0		1/1
MG953201.1	3404	G	C	0		1/1
MG953201.1	3518	AC	GT	0		1/1
MG953201.1	4296	G	A	0		1/1
MG953201.1	5069	A	G	0		1/1
MG953201.1	5345	C	T	0		1/1
MG953201.1	5378	G	C	0		1/1
MG953201.1	5416	T	A	0		1/1
MG953201.1	6104	C	G	0		1/1
MG953201.1	6568	G	A	0		1/1
MG953201.1	6898	G	A	0		1/1
MG953201.1	7315	C	T	0		1/1
MG953201.1	7321	C	T	0		1/1
MG953201.1	7552	T	C	0		1/1
MG953201.1	7572	C	T	0		1/1
MG953201.1	7577	G	C	0		1/1
MG953201.1	7697	G	C	0		1/1
MG953201.1	7899	C	G	0		1/1
MG953201.1	7907	G	A	0		1/1
MG953201.1	8279	T	C	0		1/1
MG953201.1	8313	T	G	0		1/1
MG953201.1	8319	AC	GT	0		1/1
MG953201.1	8753	TTCCTCCTCCTCCTCCTCCT	TTCCTCCTCCTCCTCCTCCTCCT	0		1/1
MG953201.1	8774	T	C	0		1/1
MG953201.1	8812	A	C	0		1/1
MG953201.1	8935	C	T	0		1/1
MG953201.1	9053	A	G	0		1/1
MG953201.1	9180	G	A	0		1/1
MG953201.1	9248	T	A	0		1/1
MG953201.1	9425	A	G	0		1/1
MG953201.1	9641	TTTCTTCTTCT	TTTCTTCT	0		1/1
MG953201.1	9676	TGCCGCCG	TGCCG	0		1/1
MG953201.1	9694	TGTCG	TGTCGTCG	0		1/1
MG953201.1	9729	TC	TCAGC	0.829268		0/1
MG953201.1	9733	T	C	0		1/1
MG953201.1	10060	C	A	0		1/1
MG953201.1	10067	A	G	0		1/1
MG953201.1	10075	T	C	0		1/1
MG953201.1	10262	T	C	0		1/1
MG953201.1	10265	C	T	0		1/1
MG953201.1	10406	G	T	0		1/1
MG953201.1	10514	C	T	0		1/1
MG953201.1	10619	G	A	0		1/1
MG953201.1	10634	C	G	0		1/1
MG953201.1	10658	C	T	0		1/1
MG953201.1	10769	C	T	0		1/1
MG953201.1	10796	A	C	0		1/1
MG953201.1	10898	C	T	0		1/1
MG953201.1	11003	C	A	0		1/1
MG953201.1	11009	G	A	0		1/1
MG953201.1	11183	G	A	0		1/1
MG953201.1	11266	AA	GT	0		1/1
MG953201.1	11465	C	A	0		1/1
MG953201.1	11479	C	G	0		1/1
MG953201.1	11659	C	T	0		1/1
MG953201.1	11668	G	C	0		1/1
MG953201.1	11671	T	C	0		1/1
MG953201.1	11731	T	C	0		1/1
MG953201.1	11965	C	T	0		1/1
MG953201.1	12203	G	C	0		1/1
MG953201.1	12217	C	T	0		1/1
MG953201.1	12256	G	C	0		1/1
MG953201.1	12324	G	C	0		1/1
MG953201.1	12472	T	C	0		1/1
MG953201.1	12678	C	T	0		1/1
MG953201.1	12901	T	C	0		1/1
MG953201.1	13613	CCATCATCATC	CCATCATCATCATCATC	0.758621		0/1
MG953201.1	13847	T	C	0		1/1
MG953201.1	14111	G	A	0		1/1
MG953201.1	14114	T	A	0		1/1
MG953201.1	15006	T	C	0		1/1
MG953201.1	15456	T	G	0		1/1
MG953201.1	15522	C	T	0		1/1
MG953201.1	15540	C	T	0		1/1
MG953201.1	15744	C	T	0		1/1
MG953201.1	15753	A	G	0		1/1
MG953201.1	15796	G	T	0		1/1
MG953201.1	15932	G	C	0		1/1
MG953201.1	15942	A	G	0		1/1
MG953201.1	15978	T	C	0		1/1
MG953201.1	15984	G	A	0		1/1
MG953201.1	16087	AC	GG	0		1/1
MG953201.1	16090	A	C	0		1/1
MG953201.1	16125	C	T	0		1/1
MG953201.1	16133	G	A	0		1/1
MG953201.1	16247	T	C	0		1/1
MG953201.1	16443	C	G	0		1/1
MG953201.1	16470	C	T	0		1/1
MG953201.1	16518	C	A	0		1/1
MG953201.1	16588	CGG	CG	0.885714		0/1
MG953201.1	16594	A	C	0		1/1
MG953201.1	16636	ACC	AC	0		1/1
MG953201.1	16640	G	A	0		1/1
MG953201.1	16670	ACCCCCCG	ACCCCCG	0		1/1
MG953201.1	17233	A	C	0		1/1
MG953201.1	17237	C	T	0		1/1
MG953201.1	17431	C	T	0		1/1
MG953201.1	17443	T	C	0		1/1
MG953201.1	17476	A	G	0		1/1
MG953201.1	17605	A	G	0		1/1
MG953201.1	17944	T	C	0		1/1
MG953201.1	17962	T	C	0		1/1
MG953201.1	18726	C	A	0		1/1
MG953201.1	18856	GAAAAAAAT	GAAAAAAAAAAAT	0		1/1
MG953201.1	18924	CGTGTGTGTC	CGTGTGTGTGTC	0		1/1
MG953201.1	19722	CCTTC	CC	0		1/1
MG953201.1	19728	C	T	0		1/1
MG953201.1	20856	C	T	0		1/1
MG953201.1	20960	G	A	0		1/1
MG953201.1	20967	T	A	0		1/1
MG953201.1	20994	C	G	0		1/1
MG953201.1	20997	A	T	0		1/1
MG953201.1	21003	C	G	0		1/1
MG953201.1	21006	T	A	0		1/1
MG953201.1	21171	C	G	0		1/1
MG953201.1	21189	A	C	0		1/1
MG953201.1	21191	C	A	0		1/1
MG953201.1	21207	A	G	0		1/1
MG953201.1	21210	C	G	0		1/1
MG953201.1	21216	A	T	0		1/1
MG953201.1	21219	G	A	0		1/1
MG953201.1	21225	G	C	0		1/1
MG953201.1	21228	A	G	0		1/1
MG953201.1	21249	G	C	0		1/1
MG953201.1	21252	G	A	0		1/1
MG953201.1	21256	C	T	0		1/1
MG953201.1	21261	C	G	0		1/1
MG953201.1	21268	G	C	0		1/1
MG953201.1	21360	T	C	0		1/1
MG953201.1	21364	A	G	0		1/1
MG953201.1	21369	G	T	0		1/1
MG953201.1	21372	G	A	0		1/1
MG953201.1	21450	T	C	0		1/1
MG953201.1	21457	C	T	0		1/1
MG953201.1	21495	T	G	0		1/1
MG953201.1	21576	G	C	0		1/1
MG953201.1	21588	TA	CC	0		1/1
MG953201.1	21591	A	T	0		1/1
MG953201.1	21594	T	C	0		1/1
MG953201.1	21600	C	T	0		1/1
MG953201.1	21606	TT	AC	0		1/1
MG953201.1	21624	C	A	0		1/1
MG953201.1	21645	G	C	0		1/1
MG953201.1	21648	G	C	0		1/1
MG953201.1	21666	T	G	0		1/1
MG953201.1	21675	G	A	0		1/1
MG953201.1	21678	G	A	0		1/1
MG953201.1	21684	T	C	0		1/1
MG953201.1	21687	C	G	0		1/1
MG953201.1	21699	C	T	0		1/1
MG953201.1	21702	C	T	0		1/1
MG953201.1	21823	G	A	0		1/1
MG953201.1	21870	C	T	0		1/1
MG953201.1	22263	A	G	0		1/1
MG953201.1	22314	T	C	0		1/1
MG953201.1	22356	T	C	0		1/1
MG953201.1	22374	G	C	0		1/1
MG953201.1	22428	A	G	0		1/1
MG953201.1	22545	G	A	0		1/1
MG953201.1	22791	G	T	0		1/1
MG953201.1	22942	G	A	0		1/1
MG953201.1	23130	C	T	0		1/1
MG953201.1	23196	C	T	0		1/1
MG953201.1	23238	C	T	0		1/1
MG953201.1	23277	T	C	0		1/1
MG953201.1	23465	G	C	0		1/1
MG953201.1	23525	C	T	0		1/1
MG953201.1	23582	A	G	0		1/1
MG953201.1	23603	C	T	0		1/1
MG953201.1	23723	C	T	0		1/1
MG953201.1	23870	T	C	0		1/1
MG953201.1	23897	T	C	0		1/1
MG953201.1	23930	C	T	0		1/1
MG953201.1	23936	C	T	0		1/1
MG953201.1	23987	G	A	0		1/1
MG953201.1	23999	G	A	0		1/1
MG953201.1	24048	TAAAAAAAAAAAG	TAAAAAAAAAAG	0		1/1
MG953201.1	24145	T	C	0		1/1
MG953201.1	24266	A	G	0		1/1
MG953201.1	24419	ACCGCCGG	ACCGCCGCCGG	0		1/1
MG953201.1	24464	G	A	0		1/1
MG953201.1	24548	A	G	0		1/1
MG953201.1	24587	T	C	0		1/1
MG953201.1	24677	G	A	0		1/1
MG953201.1	25025	G	A	0		1/1
MG953201.1	25190	C	T	0		1/1
MG953201.1	25214	A	G	0		1/1
MG953201.1	25340	ATCCTCCTCCTCCTCCT	ATCCTCCTCCTCCT	0		1/1
MG953201.1	25566	T	G	0		1/1
MG953201.1	25592	AT	ATCGTCCTCGT	0.695652		0/1
MG953201.1	25641	A	G	0		1/1
MG953201.1	25685	G	T	0		1/1
MG953201.1	25786	GCGCCG	GCT	0		1/1
MG953201.1	25824	C	T	0		1/1
MG953201.1	25827	A	T	0		1/1
MG953201.1	25942	G	T	0		1/1
MG953201.1	26056	G	A	0		1/1
MG953201.1	26198	A	C	0		1/1
MG953201.1	26252	A	C	0		1/1
MG953201.1	26277	G	T	0		1/1
MG953201.1	26431	A	C	0		1/1
MG953201.1	26459	G	C	0		1/1
MG953201.1	26507	AGAGGAGGAGGAGG	AGAGGAGGAGG	0		1/1
MG953201.1	26651	CGAGGAGGAGGAGC	CGAGGAGGAGC	0		1/1
MG953201.1	26714	T	C	0		1/1
MG953201.1	26795	G	C	0		1/1
MG953201.1	26810	G	A	0		1/1
MG953201.1	26813	C	T	0		1/1
MG953201.1	26825	G	A	0		1/1
MG953201.1	26843	G	C	0		1/1
MG953201.1	26845	A	G	0		1/1
MG953201.1	26868	A	G	0		1/1
MG953201.1	26931	A	G	0		1/1
MG953201.1	26951	C	T	0		1/1
MG953201.1	26969	G	C	0		1/1
MG953201.1	27111	C	G	0		1/1
MG953201.1	27149	T	C	0		1/1
MG953201.1	27381	T	A	0		1/1
MG953201.1	27617	T	C	0		1/1
MG953201.1	27620	G	C	0		1/1
MG953201.1	27800	G	C	0		1/1
MG953201.1	27803	C	T	0		1/1
MG953201.1	28124	C	T	0		1/1
MG953201.1	28179	C	A	0		1/1
MG953201.1	28316	C	T	0		1/1
MG953201.1	28917	T	A	0		1/1
MG953201.1	29186	CGGAGGAGGAGGAGGAA	CGGAGGAGGAGGAA	0		1/1
MG953201.1	29207	A	C	0		1/1
MG953201.1	29599	C	T	0		1/1
MG953201.1	29647	C	G	0		1/1
MG953201.1	29786	T	C	0		1/1
MG953201.1	29988	T	C	0		1/1
MG953201.1	29996	T	A	0		1/1
MG953201.1	30233	G	A	0		1/1
MG953201.1	30308	C	T	0		1/1
MG953201.1	30333	A	G	0		1/1
MG953201.1	30422	C	T	0		1/1
MG953201.1	30441	C	G	0		1/1
MG953201.1	30443	A	G	0		1/1
MG953201.1	30467	C	G	0		1/1
MG953201.1	30533	T	C	0		1/1
MG953201.1	30659	T	C	0		1/1
MG953201.1	30766	C	T	0		1/1
MG953201.1	31167	A	T	0		1/1
MG953201.1	31173	C	A	0		1/1
MG953201.1	31199	A	G	0		1/1
MG953201.1	31307	A	G	0		1/1
MG953201.1	31384	A	G	0		1/1
MG953201.1	31417	G	A	0		1/1
MG953201.1	31513	C	T	0		1/1
MG953201.1	31516	C	G	0		1/1
MG953201.1	31540	C	G	0		1/1
MG953201.1	31570	G	A	0		1/1
MG953201.1	31597	G	A	0		1/1
MG953201.1	31639	T	C	0		1/1
MG953201.1	31645	T	C	0		1/1
MG953201.1	31664	C	A	0		1/1
MG953201.1	31675	C	G	0		1/1
MG953201.1	31685	T	C	0		1/1
MG953201.1	31702	G	C	0		1/1
MG953201.1	31707	G	A	0		1/1
MG953201.1	31723	T	C	0		1/1
MG953201.1	31726	T	C	0		1/1
MG953201.1	31758	G	A	0		1/1
MG953201.1	31784	A	G	0		1/1
MG953201.1	31786	T	C	0		1/1
MG953201.1	31804	G	C	0		1/1
MG953201.1	31807	A	G	0		1/1
MG953201.1	31819	C	G	0		1/1
MG953201.1	31834	GA	CG	0		1/1
MG953201.1	31838	T	A	0		1/1
MG953201.1	31842	G	C	0		1/1
MG953201.1	31847	G	A	0		1/1
MG953201.1	31849	C	T	0		1/1
MG953201.1	31871	T	C	0		1/1
MG953201.1	31876	G	A	0		1/1
MG953201.1	31886	ACG	GTC	0		1/1
MG953201.1	31927	G	A	0		1/1
MG953201.1	31930	C	G	0		1/1
MG953201.1	31941	A	C	0		1/1
MG953201.1	31945	A	C	0		1/1
MG953201.1	31948	A	T	0		1/1
MG953201.1	31951	G	A	0		1/1
MG953201.1	32008	T	C	0		1/1
MG953201.1	32043	T	C	0		1/1
MG953201.1	32079	CA	TT	0		1/1
MG953201.1	32083	C	T	0		1/1
MG953201.1	32085	C	G	0		1/1
MG953201.1	32088	C	A	0		1/1
MG953201.1	32103	AG	GA	0		1/1
MG953201.1	32106	A	T	0		1/1
MG953201.1	32109	G	A	0		1/1
MG953201.1	32138	A	C	0		1/1
MG953201.1	32144	C	A	0		1/1
MG953201.1	32164	A	G	0		1/1
MG953201.1	32173	G	A	0		1/1
MG953201.1	32191	C	G	0		1/1
MG953201.1	32195	T	A	0		1/1
MG953201.1	32210	A	G	0		1/1
MG953201.1	32212	AG	GT	0		1/1
MG953201.1	32218	A	G	0		1/1
MG953201.1	32224	C	T	0		1/1
MG953201.1	32227	A	G	0		1/1
MG953201.1	32258	T	G	0		1/1
MG953201.1	32284	T	C	0		1/1
MG953201.1	32286	T	A	0		1/1
MG953201.1	32294	A	G	0		1/1
MG953201.1	32312	G	A	0		1/1
MG953201.1	32319	A	G	0		1/1
MG953201.1	32326	T	C	0		1/1
MG953201.1	32350	C	T	0		1/1
MG953201.1	32357	C	A	0		1/1
MG953201.1	32378	A	C	0		1/1
MG953201.1	32434	C	T	0		1/1
MG953201.1	32442	A	G	0		1/1
MG953201.1	32445	CTCC	C	0		1/1
MG953201.1	32499	A	G	0		1/1
MG953201.1	32507	A	T	0.606061		0/1
MG953201.1	32512	G	A	0.806818		0/1
MG953201.1	32521	G	A	0		1/1
MG953201.1	32555	T	A	0		1/1
MG953201.1	32675	ATG	ATTG	0		1/1
MG953201.1	32800	T	C	0		1/1
MG953201.1	32821	A	G	0		1/1
MG953201.1	32839	T	C	0		1/1
MG953201.1	32889	T	C	0		1/1
MG953201.1	32959	G	C	0		1/1
MG953201.1	32965	C	T	0		1/1
MG953201.1	33013	T	C	0		1/1
MG953201.1	33049	G	A	0		1/1
MG953201.1	33079	G	A	0		1/1
MG953201.1	33118	G	A	0		1/1
MG953201.1	33125	C	T	0		1/1
MG953201.1	33130	G	A	0		1/1
MG953201.1	33142	A	G	0		1/1
MG953201.1	33145	A	G	0		1/1
MG953201.1	33148	G	A	0		1/1
MG953201.1	33181	G	A	0		1/1
MG953201.1	33189	A	G	0		1/1
MG953201.1	33214	T	C	0		1/1
MG953201.1	33216	G	A	0		1/1
MG953201.1	33388	G	T	0		1/1
MG953201.1	33454	T	C	0		1/1
MG953201.1	33495	G	A	0		1/1
MG953201.1	33503	A	C	0		1/1
MG953201.1	33517	T	C	0		1/1
MG953201.1	33561	T	C	0		1/1
MG953201.1	33580	A	C	0		1/1
MG953201.1	33639	AAGGAGGAGGG	AAGGAGGAGGAGGG	0		1/1
MG953201.1	33651	G	C	0		1/1
MG953201.1	33763	T	C	0		1/1
MG953201.1	33877	T	C	0		1/1
MG953201.1	33974	C	T	0		1/1
MG953201.1	33986	C	T	0		1/1
MG953201.1	33989	T	C	0		1/1
MG953201.1	34012	GG	AA	0		1/1
MG953201.1	34025	C	G	0		1/1
MG953201.1	34045	TT	GG	0		1/1
MG953201.1	34060	TA	CG	0		1/1
MG953201.1	34175	A	G	0		1/1
MG953201.1	34193	G	A	0		1/1
MG953201.1	34280	A	G	0		1/1
MG953201.1	34319	A	G	0		1/1
MG953201.1	34325	C	T	0		1/1
MG953201.1	34408	G	T	0		1/1
MG953201.1	34515	A	T	0		1/1
MG953201.1	34534	T	A	0		1/1
MG953201.1	34550	C	T	0		1/1
MG953201.1	34562	A	G	0		1/1
MG953201.1	34591	C	T	0		1/1
MG953201.1	34628	T	C	0		1/1
MG953201.1	34688	T	C	0		1/1
MG953201.1	34702	G	T	0		1/1
MG953201.1	34799	G	A	0		1/1
MG953201.1	34916	ATGTGTGA	ATGTGTGTGA	0		1/1
MG953201.1	35001	ATTTTTTA	ATTTTTA	0		1/1
MG953201.1	35106	G	T	0		1/1
MG953201.1	35109	T	G	0		1/1
MG953201.1	35442	ACTGC	AC	0		1/1
MG953201.1	35831	T	G	0		1/1
MG953201.1	35836	G	T	0		1/1
MG953201.1	35860	A	G	0		1/1
MG953201.1	35974	A	T	0		1/1
MG953201.1	35998	A	C	0		1/1
MG953201.1	36015	G	T	0		1/1
MG953201.1	36151	A	G	0		1/1
MG953201.1	36541	G	A	0		1/1
MG953201.1	36565	A	G	0		1/1
MG953201.1	36895	C	T	0		1/1
MG953201.1	37381	C	T	0		1/1
MG953201.1	37544	AGGGGGA	AGGGGGGA	0		1/1
MG953201.1	37577	GAT	GT	0		1/1
MG953201.1	38133	CAA	CAAA	0		1/1
MG953201.1	38449	G	A	0		1/1
MG953201.1	38500	A	G	0		1/1
MG953201.1	38559	G	A	0		1/1
MG953201.1	38564	A	C	0		1/1
MG953201.1	38580	T	A	0		1/1
MG953201.1	38810	G	A	0		1/1
MG953201.1	38824	G	A	0		1/1
MG953201.1	39147	ACCCCCCT	ACCCCCT	0		1/1
MG953201.1	39616	C	T	0		1/1
MG953201.1	39817	C	A	0		1/1
MG953201.1	40096	T	C	0		1/1
MG953201.1	40849	GCC	GCCC	0		1/1
MG953201.1	40856	C	A	0		1/1
MG953201.1	40977	G	T	0		1/1
MG953201.1	41036	CTC	CTTC	0		1/1
MG953201.1	41064	T	C	0		1/1
MG953201.1	41211	T	C	0		1/1
MG953201.1	41559	A	C	0		1/1
MG953201.1	41783	A	G	0		1/1
MG953201.1	41840	A	G	0		1/1
MG953201.1	41870	C	G	0		1/1
MG953201.1	41919	T	C	0		1/1
MG953201.1	41997	C	T	0		1/1
MG953201.1	42029	A	T	0		1/1
MG953201.1	42059	ACC	ACCC	0		1/1
MG953201.1	42154	GAT	GAAT	0		1/1
MG953201.1	42353	A	C	0		1/1
MG953201.1	42533	C	T	0		1/1
MG953201.1	42563	C	T	0		1/1
MG953201.1	42635	G	C	0		1/1
MG953201.1	42641	T	C	0		1/1
MG953201.1	42650	C	T	0		1/1
MG953201.1	42659	C	G	0		1/1
MG953201.1	42665	C	G	0		1/1
MG953201.1	42668	C	T	0		1/1
MG953201.1	42677	C	T	0		1/1
MG953201.1	42684	A	G	0		1/1
MG953201.1	42941	C	T	0		1/1
MG953201.1	43046	A	G	0		1/1
MG953201.1	43112	T	A	0		1/1
MG953201.1	43184	T	C	0		1/1
MG953201.1	43385	C	T	0		1/1
MG953201.1	43391	T	G	0		1/1
MG953201.1	43448	A	G	0		1/1
MG953201.1	43463	C	A	0		1/1
MG953201.1	43469	A	G	0		1/1
MG953201.1	43539	T	C	0		1/1
MG953201.1	43554	G	A	0		1/1
MG953201.1	43559	A	C	0		1/1
MG953201.1	43593	A	G	0		1/1
MG953201.1	43793	G	C	0		1/1
MG953201.1	43850	T	C	0		1/1
MG953201.1	43883	A	C	0		1/1
MG953201.1	43886	G	A	0		1/1
MG953201.1	43901	T	A	0		1/1
MG953201.1	43986	A	C	0		1/1
MG953201.1	43996	C	G	0		1/1
MG953201.1	44171	CACCATGA	CA	1		0/1
MG953201.1	44196	ACGCCTGC	AC	0		1/1
MG953201.1	44402	C	T	0		1/1
MG953201.1	44475	A	G	0		1/1
MG953201.1	44477	C	T	0		1/1
MG953201.1	44525	A	G	0		1/1
MG953201.1	44554	T	A	0		1/1
MG953201.1	44558	C	G	0		1/1
MG953201.1	44585	T	C	0		1/1
MG953201.1	44597	C	T	0		1/1
MG953201.1	44614	AT	CA	0		1/1
MG953201.1	44644	A	G	0		1/1
MG953201.1	44648	C	A	0		1/1
MG953201.1	44655	G	T	0		1/1
MG953201.1	44677	G	T	0		1/1
MG953201.1	44686	C	T	0		1/1
MG953201.1	44712	C	A	0		1/1
MG953201.1	44720	GGAAG	CG	0		1/1
MG953201.1	44735	T	G	0		1/1
MG953201.1	44762	C	G	0		1/1
MG953201.1	44846	G	A	0		1/1
MG953201.1	44891	A	G	0		1/1
MG953201.1	44893	A	C	0		1/1
MG953201.1	44927	A	T	0		1/1
MG953201.1	44938	C	A	0		1/1
MG953201.1	44958	C	T	0		1/1
MG953201.1	45084	A	G	0		1/1
MG953201.1	45147	C	T	0		1/1
MG953201.1	45163	G	A	0		1/1
MG953201.1	45429	G	T	0		1/1
MG953201.1	45466	AA	GG	0		1/1
MG953201.1	45588	CA	TG	0		1/1
MG953201.1	45659	A	C	0		1/1
MG953201.1	45707	A	G	0		1/1
